Variablen-Nr;Gehört zu;Variable (technische Bezeichnung);Variable;Beschreibung;Ausprägungen;Variable (English);Description;Value range
1;Person;Geschlecht;Geschlecht;Geschlecht der erkrankten Person.;M = männlich, W = weiblich, D = divers, X = keine Angabe/unbestimmt, U = unbekannt;Sex;Sex;"M = male
W = female
D = other
X = not specified
U = unknown"
2;Person;Geburtsdatum_Genauigkeit;Geburtsdatum - Genauigkeit;"Gibt an, ob nur das Jahr des Datums sicher bekannt ist (M), ob Jahr und Monat sicher bekannt sind (T) bzw. ob weder Jahr noch Monat sicher bekannt sind (V). 
Wichtig: Die Angabe Tag wird von den Registern grundsätzlich nicht ans ZfKD übermittelt. Das ZfKD legt den Tag auf einen beliebigen Wert fest (i. d. R. 15), so dass immer ein Datum im Format Jahr-Monat-Tag vorliegt.";M = nur das Jahr ist bekannt, der Monat wurde geschätzt (jahrgenau), T = Jahr und Monat sind bekannt (monatsgenau), V = Jahr und Monat wurden geschätzt;Date of birth - accuracy;"Indicates if only year is accurate (M), if year and month are accurate (T), or if year and month are estimated (V).
Please note: Day is not collected from registries and assigned an arbitrary value (usu. 15) by ZfKD.";"M = year is accurate, month is estimated
T = year and month are accurate
V = year and month are estimated"
3;Person;Geburtsdatum;Geburtsdatum;Geburtsdatum der erkrankten Person im internationalen Datumsformat YYYY-MM-DD. ;Datum YYYY-MM-DD;Date of birth;Patient's date of birth represented in international format YYYY-MM-DD. ;Date YYYY-MM-DD
4;Person;Verstorben;Verstorben (Vitalstatus);Vitalstatus: Gibt an, ob die erkrankte Person verstorben ist (Ja/Nein).;"J = Ja
N = Nein";Deceased;Indicates whether or not the patient has died (Yes/No).;"J = Yes
N = No"
5;Person;DatumVitalStatus_Genauigkeit;Datum Vitalstatus - Genauigkeit;"Gibt an, ob nur das Jahr des Datums sicher bekannt ist (M), ob Jahr und Monat sicher bekannt sind (T) bzw. ob weder Jahr noch Monat sicher bekannt sind (V). 
Wichtig: Die Angabe Tag wird von den Registern grundsätzlich nicht ans ZfKD übermittelt. Das ZfKD legt den Tag auf einen beliebigen Wert fest (i. d. R. 15), so dass immer ein Datum im Format Jahr-Monat-Tag vorliegt.";M = nur das Jahr ist bekannt, der Monat wurde geschätzt (jahrgenau), T = Jahr und Monat sind bekannt (monatsgenau), V = Jahr und Monat wurden geschätzt;Date of death or last known alive date - accuracy;"Indicates if only year is accurate (M), if year and month are accurate (T), or if year and month are estimated (V).
Please note: Day is not collected from registries and assigned an arbitrary value (usu. 15) by ZfKD.";"M = year is accurate, month is estimated
T = year and month are accurate
V = year and month are estimated"
6;Person;DatumVitalStatus;Datum Vitalstatus;Wenn Verstorben = Nein, gibt diese Variable das Datum der letzten Erhebung des Vitalstatus an. Wenn Verstorben = Ja, gibt diese Variable das imputierte Sterbedatum an. Bei DCO-Fällen werden Sterbe- und Diagnosedatum gleichgesetzt. ;Datum YYYY-MM-DD;Date of death or last known alive date;Date of death (imputed) or last known alive date. For DCO cases, date of death = incidence date.;Date YYYY-MM-DD
7;Todesursachen;IsGrundleiden;amtliches Grundleiden;Angabe, ob die kodierte Todesursache als amtliches Grundleiden laut Todesbescheinigung bzw. wie vom statistischen Landesamt übermittelt wurde ;"J = Ja
N = Nein";Underlying cause of death, ICD-10 code;Underlying cause of death as reported on death certificate or by state authority, ICD-10 code;"J = Yes
N = No"
8;Todesursachen;Code;weitere Todesursachen, ICD-Code;Zusätzliche, im Register vorliegende Todesursache(n), kodiert nach ICD-10.;ICD-10-Kode;Other cause of death, ICD-10 code;Other cause(s) of death as reported to the registry, ICD-10 code;ICD-10 code
9;Todesursachen;Version;weitere Todesursachen, ICD-Version;Für die Kodierung zusätzlicher Todesursachen verwendete Ausgabe der ICD-10.;ICD-10-Ausgabe;Other cause of death, ICD-10 version;ICD-10 version used to encode other cause(s) of death;ICD-10 version
10;Primärdiagnose;Diagnosedatum_Genauigkeit;Diagnosedatum - Genauigkeit;"Gibt an, ob nur das Jahr des Datums sicher bekannt ist (M), ob Jahr und Monat sicher bekannt sind (T) bzw. ob weder Jahr noch Monat sicher bekannt sind (V). 
Wichtig: Die Angabe Tag wird von den Registern grundsätzlich nicht ans ZfKD übermittelt. Das ZfKD legt den Tag auf einen beliebigen Wert fest (i. d. R. 15), so dass immer ein Datum im Format Jahr-Monat-Tag vorliegt.";"M = nur das Jahr ist bekannt, der Monat wurde geschätzt (jahrgenau)
T = Jahr und Monat sind bekannt (monatsgenau)
V = Jahr und Monat wurden geschätzt";Diagnosis date - accuracy;"Indicates if only year is accurate (M), if year and month are accurate (T), or if year and month are estimated (V).
Please note: Day is not collected from registries and assigned an arbitrary value (usu. 15) by ZfKD.";"M = year is accurate, month is estimated
T = year and month are accurate
V = year and month are estimated"
11;Primärdiagnose;Diagnosedatum;Diagnosedatum;Datum der Erstdiagnose im internationalen Datumsformat YYYY-MM-DD. Erstdiagnosejahr und -monat werden von den Registern an das ZfKD übermittelt. Der Tag der Erstdiagnose wird von den Registern nicht übermittelt, er wird nachträglich auf einen willkürlichen Wert festgelegt. Bei DCO-Fällen werden Sterbe- und Diagnosedatum gleichgesetzt.;Datum YYYY-MM-DD;Diagnosis date;Date of incidence represented in international format YYYY-MM-DD. For DCO cases, incidence date = date of death.;Date YYYY-MM-DD
12;Primärdiagnose;Diagnosejahr;Diagnosejahr;Jahr der Erstdiagnose. Bei DCO-Fällen werden Sterbe- und Diagnosejahr gleichgesetzt.;Datum YYYY;Year of incidence;Year of incidence. For DCO cases, year of incidence is equal to year of death.;Date YYYY
13;Primärdiagnose;Diagnosealter;Diagnosealter;Ganzzahliger Abstand in Jahren zwischen Geburt und Erstdiagnose.;Alter in Jahren;Age at diagnosis;Number of years between date of birth and date of diagnosis;Age in years
14;Primärdiagnose;Agpr05;Altersgruppe bei Diagnose;Fünf-Jahres-Altersgruppe des Patienten zum Zeitpunkt der Diagnose.;0-4 Jahre, 5-9 Jahre, 10-14 Jahre, 15-19 Jahre, 20-24 Jahre, 25-29 Jahre, 30-34 Jahre, 35-39 Jahre, 40-44 Jahre, 45-49 Jahre, 50-54 Jahre, 55-59 Jahre, 60-64 Jahre, 65-69 Jahre, 70-74 Jahre, 75-79 Jahre, 80-84 Jahre, >= 85 Jahre;Age group at diagnosis;Five-year age group at diagnosis;"0-4 years
5-9 years
10-14 years
15-19 years
20-24 years
25-29 years
30-34 years
35-39 years
40-44 years
45-49 years
50-54 years
55-59 years
60-64 years
65-69 years
70-74 years
75-79 years
80-84 years
>= 85 years"
15;Primärdiagnose;Inzidenzort;Wohnort bei Diagnose, Kreis;Ziffern 1-5 des amtlichen Gemeindeschlüssels des Wohnortes der erkrankten Person zum Zeitpunkt der Erstdiagnose.;Kreiskennziffer, 5-stellig;Place of residence at diagnosis;"Place of residence at diagnosis, represented by 5-digit area code (""Kreiskennziffer"")";5-digit area code
16;Primärdiagnose;Inzidenzort_BL;Wohnort bei Diagnose, Bundesland;Ziffern 1-2 des amtlichen Gemeindeschlüssels des Wohnortes der erkrankten Person zum Zeitpunkt der Erstdiagnose.;Kreiskennziffer, 2-stellig;Place of residence at diagnosis;"Place of residence at diagnosis, represented by 2-digit area code (""Bundesland"")";2-digit area code
17;Primärdiagnose;Diagnose_ICD10_Code;Diagnose, ICD-Code;Tumordiagnose nach ICD-10.;ICD-10-Kode, 4-stellig;Tumor diagnosis, ICD-10 code;ICD-10 diagnostic code of tumor;ICD-10, 4-digit code
18;Primärdiagnose;Diagnose_ICD10_Version;Diagnose, ICD-Version;Für die Kodierung der Tumordiagnose verwendete Ausgabe der ICD-10.;ICD-10-Version;Tumor diagnosis, ICD-10 version;ICD-10 version used to encode tumor diagnosis;ICD-10 version
19;Primärdiagnose;Topographie_Code;Topographie, ICD-O-Code;Kodierung der Tumorlokalisation nach ICD-O-3.;ICD-O-3-Kode (Kapitel T), 4-stellig;Topography of tumor, ICD-O-3 code;Tumor site represented by ICD-O-3 topography code;ICD-O-3 (topography section) 4-digit code
20;Primärdiagnose;Topographie_Version;Topographie, ICD-O-Version;Für die Kodierung der Topographie verwendete Ausgabe der ICD-O-3.;"31 = ICD-O-3, 2003
32 = ICD-O-3, 1. Revision 2014
33 = ICD-O-3, 2. Revision 2019";Topography of tumor, ICD-O-3 version;ICD-O-3 version used to encode tumor topography;"31 = ICD-O-3, 2003
32 = ICD-O-3, 1st revision 2014
33 = ICD-O-3, 2nd revision 2019"
21;Primärdiagnose;Morphologie_Code;Morphologie, ICD-O-Code;"Kodierung des Histologiebefunds nach ICD-O-3. Die fünfte Stelle des Kodes bezeichnet das biologische Verhalten des Tumors (/0 Gutartig; /1 Unsicher; /2 Carcinoma in situ; /3 Bösartig, Primärtumor).";ICD-O-3-Kode (Kapitel M), 5-stellig;Morphology of tumor, ICD-O-3 code;"Morphology and behavior of tumor represented by 5-digit ICD-O-3 code. The fifth digit indicates tumor behavior (/0 benign; /1 uncertain; /2 carcinoma in situ; /3 malignant).";ICD-O-3 (morphology section), 5-digit code
22;Primärdiagnose;Morphologie_Version;Morphologie, Version;Für die Kodierung der Morphologie verwendete Referenz (ICD-O-3, WHO Blue Books).;"31 = ICD-O-3, 2003
32 = ICD-O-3, 1. Revision 2014
33 = ICD-O-3, 2. Revision 2019
bb = WHO Blue Books";Morphology of tumor, ICD-O-3 version (or: WHO Blue Books);Reference used to encode tumor morphology (ICD-O-3 or WHO Blue Books);"31 = ICD-O-3, 2003
32 = ICD-O-3, 1st revision 2014
33 = ICD-O-3, 2nd revision 2019
bb = WHO Blue Books"
23;Primärdiagnose;Grading;Grading;"Differenzierungsgrad des Tumors gemäß ""WHO Classification of Tumours"".";0 = Malignes Melanom der Konjunktiva, 1 = Gut differenziert, 2 = Mäßig differenziert, 3 = Schlecht differenziert, 4 = Undifferenziert, X = Nicht bestimmbar, L = Low grade (G1 oder G2), M = Intermediate (G2 oder G3), H = High grade (G3 oder G4), B = Borderline, U = Unbekannt, T = Trifft nicht zu;Grade of differentiation;"Grade of differentiation according to ""WHO Classification of Tumours""";"0 = conjunctival melanoma
1 = well differentiated
2 = moderately differentiated
3 = poorly differentiated
4 = undifferentiated
X = differentiation cannot be determinded
L = low grade (G1 or G2)
M = intermediate (G2 or G3)
H = high grade (G3 or G4)
B = borderline
U = unknown
T = not applicable"
24;Primärdiagnose;LK_untersucht;Zahl der untersuchten Lymphknoten;Anzahl der untersuchten Lymphknoten;(n) = Anzahl Lymphknoten;Number of lymph nodes examined;Number of lymph nodes that were examined for the presence of cancer cells;(n) = number of lymph nodes
25;Primärdiagnose;LK_befallen;Zahl der befallenen Lymphknoten;Anzahl der befallenen Lymphknoten;(n) = Anzahl Lymphknoten;Number of lymph nodes affected;Number of lymph nodes that contain cancer cells;(n) = number of lymph nodes
26;Primärdiagnose;TNM_Auflage_c;cTNM-Version;Ausgabe der TNM, die für die Beurteilung des klinischen Tumorstadiums verwendet wurde.;"6 = 6. Auflage TNM
7 = 7. Auflage TNM
8 = 8. Auflage TNM";cTNM: version;TNM edition used for clinical staging;"6 = TNM, 6th edition
7 = TNM, 7th edition
8 = TNM, 8th edition"
27;Primärdiagnose;y_Symbol_c;cTNM-y-Symbol;Gibt an, ob das klinische Tumorstadium vor oder nach/während der initialen multimodalen Therapie beurteilt wurde.;y = klinische Klassifikation erfolgte nach einer initialen multimodalen Therapie, (leer) = klinische Klassifikation erfolgte vor einer initialen multimodalen Therapie oder es hat keine initiale multimodale Therapie stattgefunden;cTNM: y prefix;Indicates that clinical TNM staging was performed after or during preoperative multimodality therapy;"y = clinical classification was performed during or after initial multimodality therapy;
(empty) = clinical classification was performed before initial multimodality therapy (or initial multimodality therapy has not taken place)"
28;Primärdiagnose;r_Symbol_c;cTNM-r-Symbol;Gibt an, ob das klinische Tumorstadium eines Rezidivs beurteilt wurde.;"r = klinische Klassifikation erfolgte zur Beurteilung eines Rezidivs;
(leer) = klinische Klassifikation erfolgte vor Eintreten eines Rezidivs";cTNM: r prefix;Indicates that clinical TNM staging was performed at retreatment (i.e., for recurrent disease);"r = clinical classification was performed at retreatment;
(empty) = clinical classification was performed before disease recurrence"
29;Primärdiagnose;a_Symbol_c;cTNM-a-Präfix;Gibt an, ob das Tumorstadium mittels Autopsie bestimmt wurde.;"a = Klassifikation erfolgte durch Autopsie;
(leer) = Klassifikation erfolgte klinisch oder pathologisch";cTNM: a prefix;Indicates that clinical TNM staging was performed at autopsy;"a = classification was performed at autopsy;
(empty) = classification was performed clinically or pathologically"
30;Primärdiagnose;T_c;cTNM-T;Beschreibt die Ausdehnung des Primärtumors. Klassifikation nach TNM entsprechend Tumorentität.;T-Stadium, entitätsspezifisch;cTNM: T;Describes the size of the primary tumor. Staging according to tumor-specific TNM.;T stage, tumor-specific
31;Primärdiagnose;N_c;cTNM-N;Beschreibt das Ausmaß regionärer Lymphknotenmetastasen. Klassifikation nach TNM entsprechend Tumorentität.;N-Stadium, entitätsspezifisch;cTNM: N;Describes the degree of spread to regional lymph nodes. Staging according to tumor-specific TNM.;N stage, tumor-specific
32;Primärdiagnose;M_c;cTNM-M;Beschreibt das Vorliegen von Fernmetastasen. Klassifikation nach TNM.;"M-Stadium, teilweise entitätsspezifisch
M0 = keine Fernmetastasen
M1 = Fernmetastasen";cTNM: M;Describes whether or not metastases in other parts of the body have been found (i.e., distant metastasis). Staging according to TNM.;"M stage, may be tumor-specific
M0 = no distant metastasis
M1 = distant metastasis (beyond regional lymph nodes)"
33;Primärdiagnose;c_p_u_Praefix_T_c;cTNM-präfix-T;Gibt an, ob das T-Stadium klinisch, histopathologisch oder mittels Ultraschall bestimmt wurde.;"c = T-Stadium wurde durch klinische Angaben festgestellt oder erfüllt die Kriterien für ""p"" nicht
p = T-Stadium wurde durch histopathologische Untersuchung festgestellt
u = T-Stadium wurde mittels Ultraschall festgestellt (Unterkategorie von ""c"")
(empty) =  wird als ""c"" interpretiert";cTNM: T prefix;Indicates if T was determined clinically, by histopathology, or by ultrasound. ;"c = T stage was determined clinically, or staging does not meet criteria for ""p""
p = T stage was determined by histopathology
u = T stage was determined by ultrasound (sub-category of ""c"")
(empty) = interpreted as ""c"""
34;Primärdiagnose;c_p_u_Praefix_N_c;cTNM-präfix-N;Gibt an, ob das N-Stadium klinisch, histopathologisch oder mittels Ultraschall bestimmt wurde.;"c = N-Stadium wurde durch klinische Angaben festgestellt oder erfüllt die Kriterien für ""p"" nicht
p = N-Stadium wurde durch histopathologische Untersuchung festgestellt
u = N-Stadium wurde mittels Ultraschall festgestellt (Unterkategorie von ""c"")
(empty) =  wird als ""c"" interpretiert";cTNM: N prefix;Indicates if N was determined clinically, by histopathology, or by ultrasound. ;"c = N stage was determined clinically, or staging does not meet criteria for ""p""
p = N stage was determined by histopathology
u = N stage was determined by ultrasound (sub-category of ""c"")
(empty) = interpreted as ""c"""
35;Primärdiagnose;c_p_u_Praefix_M_c;cTNM-präfix-M;Gibt an, ob das M-Stadium klinisch, histopathologisch oder mittels Ultraschall bestimmt wurde.;"c = M-Stadium wurde durch klinische Angaben festgestellt oder erfüllt die Kriterien für ""p"" nicht
p = M-Stadium wurde durch histopathologische Untersuchung festgestellt
u = M-Stadium wurde mittels Ultraschall festgestellt (Unterkategorie von ""c"")
(empty) =  wird als ""c"" interpretiert";cTNM: M prefix;Indicates if M was determined clinically, by histopathology, or by ultrasound. ;"c = M stage was determined clinically, or staging does not meet criteria for ""p""
p = M stage was determined by histopathology
u = M stage was determined by ultrasound (sub-category of ""c"")
(empty) = interpreted as ""c"""
36;Primärdiagnose;m_Symbol_c;cTNM-m-Suffix;Kennzeichnet Vorhandensein multipler Primärtumoren in einem anatomischen Bezirk.;"m = multiple Tumoren ohne Angabe der Zahl
(n) = Anzahl der multiplen Tumoren
(leer) = keine multiplen Tumoren";cTNM: m suffix;Indicates that the tumor is multifocal, i.e. there are > 1 tumors in the same anatomical region.;"m = multiple tumors
(n) = number of tumors
(empty) = tumor is not multifocal"
37;Primärdiagnose;L_c;cTNM-L-Deskriptor;Beschreibt das Ausmaß der Lymphgefäßinvasion. Wird im Allgemeinen im Rahmen eines pTNM festgestellt.;"LX = Lymphgefäßinvasion kann nicht beurteilt werden
L0 = keine Lymphgefäßinvasion
L1 = Lymphgefäßinvasion";cTNM: L qualifier;Indicates presence or absence of lymphatic vessel invasion. Generally assessed by histopathology.;"LX = invasion of lymphatic vessels cannot be assessed
L0 = no invasion of lymphatic vessels
L1 = invasion of lymphatic vessels"
38;Primärdiagnose;V_c;cTNM-V-Deskriptor;Beschreibt das Ausmaß der Veneninvasion. Wird im Allgemeinen im Rahmen eines pTNM festgestellt.;"VX = Veneninvasion kann nicht beurteilt werden
V0 = keine Veneninvasion
V1 = mikroskopische Veneninvasion
V2 = makroskopische Veneninvasion";cTNM: V qualifier;Indicates presence or absence of vascular invasion. Generally assessed by histopathology.;"VX = venous invasion cannot be assessed
V0 = no venous invasion
V1 = microscopic venous invasion
V2 = macroscopic venous invasion"
39;Primärdiagnose;Pn_c;cTNM-Pn-Deskriptor;Beschreibt das Ausmaß der Perineuralinvasion. Wird im Allgemeinen im Rahmen eines pTNM festgestellt.;"PnX = perineurale Invasion kann nicht beurteilt werden
Pn0 = keine perineurale Invasion
Pn1 = perineurale Invasion";cTNM: Pn qualifier;Indicates presence or absence of perineural invasion. Generally assessed by histopathology.;"PnX = perineural invasion cannot be assessed
Pn0 = no perineural invasion
Pn1 = perineural invasion"
40;Primärdiagnose;S_c;cTNM-S-Deskriptor;Bei Vorliegen eines Hodentumors: Beschreibt die Erhöhung von Serumtumormarkern (AFP, HCG, LDH). S1-S3: Schwellenwerte siehe TNM. ;"SX = Werte der Serumtumormarker nicht verfügbar oder entsprechende Untersuchungen nicht vorgenommen 
S0 = Serumtumormarker innerhalb der normalen Grenzen 
S1-S3 = Serumtumormarker erhöht";cTNM: S qualifier;Describes elevation of serum tumor markers AFP, HCG and LDH in testicular cancer. S1-S3 threshold values according to TNM.;"SX = serum tumor markers not available
S0 = serum tumor markers within normal range
S1-S3 = serum tumor markers elevated "
41;Primärdiagnose;UICC_Stadium_c;c-TNM-UICC;UICC-Stadium nach TNM-Klassifikation. Beschreibt die anatomische Ausdehnung der Tumorerkrankung.;UICC-Stadium, entitätsspezifisch;cTNM: UICC Stage;UICC Stage according to TNM. Describes the anatomical extent of disease.;UICC stage, tumor-specific
42;Primärdiagnose;TNM_Auflage_p;pTNM-Version;Ausgabe der TNM, die für die Beurteilung des pathologischen Tumorstadiums verwendet wurde.;"6 = 6. Auflage TNM
7 = 7. Auflage TNM
8 = 8. Auflage TNM";pTNM: version;TNM edition used for pathological staging;"6 = TNM, 6th edition
7 = TNM, 7th edition
8 = TNM, 8th edition"
43;Primärdiagnose;y_Symbol_p;pTNM-y-Symbol;Gibt an, ob das pathologische Tumorstadium vor oder nach/während der initialen multimodalen Therapie beurteilt wurde.;"y = Klassifikation erfolgte nach einer initialen multimodalen Therapie;
(leer) = Klassifikation erfolgte vor einer initialen multimodalen Therapie oder es hat keine initiale multimodale Therapie stattgefunden";pTNM: y prefix;Indicates that pathological TNM staging was performed after or during preoperative multimodality therapy;"y = classification was performed during or after initial multimodality therapy;
(empty) = classification was performed before initial multimodality therapy (or initial multimodality therapy has not taken place)"
44;Primärdiagnose;r_Symbol_p;pTNM-r-Symbol;Gibt an, ob das pathologische Tumorstadium eines Rezidivs beurteilt wurde.;"r = Klassifikation erfolgte zur Beurteilung eines Rezidivs;
(leer) = „native“ Klassifikation vor Eintreten eines Rezidivs";pTNM: r prefix;Indicates that pathological TNM staging was performed at retreatment (i.e., for recurrent disease);"r = classification was performed at retreatment;
(empty) = classification was performed before disease recurrence"
45;Primärdiagnose;a_Symbol_p;pTNM-a-Präfix;Gibt an, ob das pathologische Tumorstadium durch Autopsie festgestellt wurde.;"a = Klassifikation erfolgte durch Autopsie;
(leer) = Klassifikation erfolgte klinisch und/oder pathologisch";pTNM: a prefix;Indicates that pathological TNM staging was performed at autopsy;"a = classification was performed at autopsy;
(empty) = classification was performed clinically and/or pathologically"
46;Primärdiagnose;T_p;pTNM-T;Beschreibt die Ausdehnung des Primärtumors. Klassifikation nach TNM entsprechend Tumorentität.;T-Stadium, entitätsspezifisch;pTNM: T;Describes the size of the primary tumor. Staging according to tumor-specific TNM.;T stage, tumor-specific
47;Primärdiagnose;N_p;pTNM-N;Beschreibt das Ausmaß regionärer Lymphknotenmetastasen. Klassifikation nach TNM entsprechend Tumorentität.;N-Stadium, entitätsspezifisch;pTNM: N;Describes the degree of spread to regional lymph nodes. Staging according to tumor-specific TNM.;N stage, tumor-specific
48;Primärdiagnose;M_p;pTNM-M;Beschreibt das Vorliegen von Fernmetastasen. Klassifikation nach TNM.;"M-Stadium, teilweise entitätsspezifisch
M0 = keine Fernmetastasen
M1 = Fernmetastasen";pTNM: M;Describes whether or not metastases in other parts of the body have been found (distant metastasis). Staging according to TNM.;"M stage, may be tumor-specific
M0 = no distant metastasis
M1 = distant metastasis (beyond regional lymph nodes)"
49;Primärdiagnose;c_p_u_Praefix_T_p;pTNM-präfix-T;Gibt an, ob das T-Stadium klinisch, histopathologisch oder mittels Ultraschall bestimmt wurde.;"c = T-Stadium wurde durch klinische Angaben festgestellt oder erfüllt die Kriterien für ""p"" nicht
p = T-Stadium wurde durch histopathologische Untersuchung festgestellt
u = T-Stadium wurde mittels Ultraschall festgestellt (Unterkategorie von ""c"")
(empty) =  wird als ""c"" interpretiert";pTNM: T prefix;Indicates if T was determined clinically, by histopathology, or by ultrasound.;"c = T stage was determined clinically, or staging does not meet criteria for ""p""
p = T stage was determined by histopathology
u = T stage was determined by ultrasound (sub-category of ""c"")
(empty) = interpreted as ""c"""
50;Primärdiagnose;c_p_u_Praefix_N_p;pTNM-präfix-N;Gibt an, ob das N-Stadium klinisch, histopathologisch oder mittels Ultraschall bestimmt wurde.;"c = N-Stadium wurde durch klinische Angaben festgestellt oder erfüllt die Kriterien für ""p"" nicht
p = N-Stadium wurde durch histopathologische Untersuchung festgestellt
u = N-Stadium wurde mittels Ultraschall festgestellt (Unterkategorie von ""c"")
(empty) =  wird als ""c"" interpretiert";pTNM: N prefix;Indicates if N was determined clinically, by histopathology, or by ultrasound.;"c = N stage was determined clinically, or staging does not meet criteria for ""p""
p = N stage was determined by histopathology
u = N stage was determined by ultrasound (sub-category of ""c"")
(empty) = interpreted as ""c"""
51;Primärdiagnose;c_p_u_Praefix_M_p;pTNM-präfix-M;Gibt an, ob das M-Stadium klinisch, histopathologisch oder mittels Ultraschall bestimmt wurde.;"c = M-Stadium wurde durch klinische Angaben festgestellt oder erfüllt die Kriterien für ""p"" nicht
p = M-Stadium wurde durch histopathologische Untersuchung festgestellt
u = M-Stadium wurde mittels Ultraschall festgestellt (Unterkategorie von ""c"")
(empty) =  wird als ""c"" interpretiert";pTNM: M prefix;Indicates if M was determined clinically, by histopathology, or by ultrasound.;"c = M stage was determined clinically, or staging does not meet criteria for ""p""
p = M stage was determined by histopathology
u = M stage was determined by ultrasound (sub-category of ""c"")
(empty) = interpreted as ""c"""
52;Primärdiagnose;m_Symbol_p;pTNM-m-Suffix;Kennzeichnet Vorhandensein multipler Primärtumoren in einem anatomischen Bezirk.;"m = multiple Tumoren ohne Angabe der Zahl
(n) = Anzahl der multiplen Tumoren
(leer) = keine multiplen Tumoren";pTNM: m suffix;Indicates that the tumor is multifocal, i.e. there are > 1 tumors in the same anatomical region.;"m = multiple tumors
(n) = number of tumors
(empty) = tumor is not multifocal"
53;Primärdiagnose;L_p;pTNM-L-Deskriptor;Beschreibt das Ausmaß der Lymphgefäßinvasion.;"LX = Lymphgefäßinvasion kann nicht beurteilt werden
L0 = keine Lymphgefäßinvasion
L1 = Lymphgefäßinvasion";pTNM: L qualifier;Indicates presence or absence of lymphatic vessel invasion.;"LX = invasion of lymphatic vessels cannot be assessed
L0 = no invasion of lymphatic vessels
L1 = invasion into lymphatic vessels"
54;Primärdiagnose;V_p;pTNM-V-Deskriptor;Beschreibt das Ausmaß der Veneninvasion.;"VX = Veneninvasion kann nicht beurteilt werden
V0 = keine Veneninvasion
V1 = mikroskopische Veneninvasion
V2 = makroskopische Veneninvasion";pTNM: V qualifier;Indicates presence or absence of vascular invasion. ;"VX = venous invasion cannot be assessed
V0 = no venous invasion
V1 = microscopic venous invasion
V2 = macroscopic venous invasion"
55;Primärdiagnose;Pn_p;pTNM-Pn-Deskriptor;Beschreibt das Ausmaß der Perineuralinvasion.;"PnX = perineurale Invasion kann nicht beurteilt werden
Pn0 = keine perineurale Invasion
Pn1 = perineurale Invasion";pTNM: Pn qualifier;Indicates presence or absence of perineural invasion. Generally assessed by histopathology.;"PnX = perineural invasion cannot be assessed
Pn0 = no perineural invasion
Pn1 = perineural invasion"
56;Primärdiagnose;S_p;pTNM-S-Deskriptor;Bei Vorliegen eines Hodentumors: Beschreibt die Erhöhung von Serumtumormarkern (AFP, HCG, LDH). S1-S3: Schwellenwerte siehe TNM. ;"SX = Werte der Serumtumormarker nicht verfügbar oder entsprechende Untersuchungen nicht vorgenommen 
S0 = Serumtumormarker innerhalb der normalen Grenzen 
S1-S3 = Serumtumormarker erhöht";pTNM: S qualifier;Describes elevation of serum tumor markers AFP, HCG and LDH in testicular cancer. S1-S3 threshold values according to TNM.;"SX = serum tumor markers not available
S0 = serum tumor markers within normal range
S1-S3 = serum tumor markers elevated "
57;Primärdiagnose;UICC_Stadium_p;pTNM-UICC;UICC-Stadium nach TNM-Klassifikation. Beschreibt die anatomische Ausdehnung der Tumorerkrankung.;UICC-Stadium, entitätsspezifisch;pTNM: UICC stage;UICC Stage according to TNM. Describes the anatomical extent of disease.;UICC stage, tumor-specific
58;Primärdiagnose;Lokalisation;Mestastasensitz;Beschreibt die Lokalisation der Fernmetastase(n).;"PUL = Lunge
OSS = Knochen
HEP = Leber
BRA = Hirn
LYM = Lymphknoten
MAR = Knochenmark
PLE = Pleura
PER = Peritoneum
ADR = Nebennieren
SKI = Haut
OTH = Andere Organe
GEN = Generalisierte Metastasierung";Site of metastasis;Describes site(s) of distant metastasis;"PUL = lung
OSS = bone
HEP = liver
BRA = brain
LYM = lymph node(s)
MAR = bone marrow
PLE = pleura
PER = peritoneum
ADR = adrenal glands
SKI = skin
OTH = other
GEN = generalized metastasis"
59;Primärdiagnose;Name;weitere Klassifikation: Name;Name/Typ sonstiger verwendeter Klassifikationssysteme;z. B. Ann-Arbor-Klassifikation, WHO Classification of CNS Tumors, AJCC;Other classification system: name;Name and/or type of other classification(s) used;e.g. Ann Arbor staging, WHO Classification of CNS Tumors, AJCC
60;Primärdiagnose;Stadium;weitere Klassifikation: Stadium (Ausprägung);Einstufung/Stadium nach sonstigem verwendeten Klassifikationssystem;Stadium;Other classification system: stage;Stage assigned based on other classification system;Stage
61;Primärdiagnose;Diagnosesicherung;Diagnosesicherung;Wertigkeit der Diagnosesicherung ;"0 = DCO
1 = klinisch, ausschließlich körperliche Untersuchung (ohne tumorspezifische Diagnostik)
2 = klinisch, inkl. Bildgebung, Endoskopie, Laparatomie, Autopsie (ohne histopathologische Untersuchung)
4 = spezifische Tumormarker
5 = zytologisch
6 = histolopathologisch, Metastase
7 = histopathologisch, Primärtumor
9 = unbekannt";Basis of diagnosis;Describes how the tumor was identified;"0 = death certificate only (DCO)
1 = clinical, ie physical exam only (no tumor-specific diagnostics)
2 = clinical investigation using diagnostic techniques such as imaging, endoscopy, laparatomy, autopsy (no histopathology)
4 = specific tumor markers
5 = cytology
6 = histopathology, metastasis
7 = histopathology, primary tumor
9 = unknown"
62;Primärdiagnose;Seitenlokalisation;Seitenloksalisation bei paarigen Organen;Bei paarigen Organen: Gibt an, welche Körperseite betroffen ist.;"L = links
R = rechts
B = beidseitig
M = mittig
U = unbekannt
T = trifft nicht zu (z. B. bei Systemerkrankung)";Tumor laterality;Describes which side of a paired organ is affected;"L = left
R = right
B = bilateral
M = center
U = unknown
T = not applicable (e.g., systemic disease)"
63;Primärdiagnose;DCN;DCN;Gibt an, ob die Todesbescheinigung die erste Informationsquelle zu einem Erkrankungsfall war. Handelt es sich um einen DCO-Fall, ist DCN = Ja unplausibel.;"J = Ja
N = Nein";Death certificate notified (DCN);Indicates whether or not the case was first notified by a death certificate. For DCO cases, DCN = Yes is not plausible.;"J = Yes
N = No"
64;Primärdiagnose;Anzahl_Tage_Diagnose_Tod;Überlebenszeit (Abstand Diagnose-Tod);Zeitlicher Abstand zwischen Diagnose und Tod (in Tagen).;(n) = Anzahl Tage;Survival time;Time interval between incidence date and death;(n) = number of days
65;Primärdiagnose: Modul Mamma;TumorgroesseInvasiv;Tumorgröße in mm (invasiv);Maximaler Durchmesser des invasiven Karzinoms (in mm);(n) = Tumorgröße in mm;Tumor size;Maximum diameter of invasive carcinoma (in mm);(n) = tumor size in mm
66;Primärdiagnose: Modul Mamma;TumorgroesseDCIS;Tumorgröße in mm (DCIS);Maximaler Durchmesser des duktalen in situ-Karzinoms (in mm);(n) = DCIS-Größe in mm;DCIS size;Maximum diameter of ductal carcinoma in situ (in mm);(n) = DCIS size in mm
67;Primärdiagnose: Modul Mamma;Praetherapeutischer_Menopausenstatus;Prätherapeutischer Menopausenstatus;Prätherapeutischer Menopausenstatus der Patientin. Postmenopausal bedeutet: entweder a) keine Menstruationsblutung für länger als ein Jahr oder b) E2 und FSH im eindeutigen postmenopausalen Bereich.;"1 = prämenopausal (umfasst perimenopausal)
3 = postmenopausal
U = unbekannt";Menopausal status;Menopausal status before initiation of treatment. Postmenopausal = time since last menstruation > 1 year OR E2 and FSH within postmenopausal range;"1 = premenopausal (includes perimenopausal)
3 = postmenopausal
U = unknown"
68;Primärdiagnose: Modul Mamma;HormonrezeptorStatus_Oestrogen;Hormonrezeptor-Status: : Östrogen;Östrogenrezeptorstatus gemäß Immunreaktivem Score (IRS);"P = Positiv (IRS >= 1)
N = Negativ
U = Unbekannt";Estrogen receptor status;Estrogen receptor status according to immunoreactivity score (IRS);"P = positive (IRS >= 1)
N = negative
U = unknown"
69;Primärdiagnose: Modul Mamma;HormonrezeptorStatus_Progesteron;Hormonrezeptor-Status: Progesteron;Progesteronrezeptorstatus gemäß Immunreaktivem Score (IRS);"P = Positiv (IRS >= 1)
N = Negativ
U = Unbekannt";Progesterone receptor status;Progesterone receptor status according to immunoreactivity score (IRS);"P = positive (IRS >= 1)
N = negative
U = unknown"
70;Primärdiagnose: Modul Mamma;Her2neuStatus;Her2neu-Status;HER2 (ERBB2)-Status;"P = Positiv (ICH+++ oder: ICH++ und ISH positiv)
N = Negativ
U = Unbekannt";HER2 status;HER2 (ERBB2) status;"P = positive (ICH+++ or: ICH++ and positive ISH)
N = negative
U = unknown"
71;Primärdiagnose: Modul Prostata;PSA;PSA-Wert;Aktuell relevanter PSA-Wert (in ng/mL);(n) = Wert in ng/mL;PSA level;PSA level (ng/mL);(n) = level in ng/mL
72;Primärdiagnose: Modul Prostata;DatumPSA_Genauigkeit;Datum PSA - Genauigkeit;"Gibt an, ob nur das Jahr des Datums sicher bekannt ist (M), ob Jahr und Monat sicher bekannt sind (T) bzw. ob weder Jahr noch Monat sicher bekannt sind (V). 
Wichtig: Die Angabe Tag wird von den Registern grundsätzlich nicht ans ZfKD übermittelt. Das ZfKD legt den Tag auf einen beliebigen Wert fest (i. d. R. 15), so dass immer ein Datum im Format Jahr-Monat-Tag vorliegt.";"M = nur das Jahr ist bekannt, der Monat wurde geschätzt (jahrgenau)
T = Jahr und Monat sind bekannt (monatsgenau)
V = Jahr und Monat wurden geschätzt";PSA level date - accuracy;"Indicates if only year is accurate (M), if year and month are accurate (T), or if year and month are estimated (V).
Please note: Day is not collected from registries and assigned an arbitrary value (usu. 15) by ZfKD.";"M = year is accurate, month is estimated
T = year and month are accurate
V = year and month are estimated"
73;Primärdiagnose: Modul Prostata;DatumPSA;Datum PSA;Monat und Jahr der PSA-Wert-Bestimmung;Datum YYYY-MM-DD;PSA level date;Date of PSA blood test;Date YYYY-MM-DD
74;Primärdiagnose: Modul Prostata;GradPrimaer;Gleason-Score primärer Wert;Primärer Gleason-Grad;1, 2, 3, 4 oder 5;Gleason: primary grade;Primary Gleason grade;1, 2, 3, 4 or 5
75;Primärdiagnose: Modul Prostata;GradSekundaer;Gleason-Score sekundärer Wert;Sekundärer Gleason-Grad;1, 2, 3, 4 oder 5;Gleason: secondary grade;Secondary Gleason grade;1, 2, 3, 4 or 5
76;Primärdiagnose: Modul Prostata;ScoreErgebnis;Gleason-Score Gesamtscore;Gleason-Score;2, 3, 4, 5, 6, 7, 7a, 7b, 8, 9 oder 10;Gleason: score;Gleason score;2, 3, 4, 5, 6, 7, 7a, 7b, 8, 9 or 10
77;Primärdiagnose: Modul Prostata;AnlassGleasonScore;Gleason-Score Anlass;Methode der Probenahme;"O = OP
S = Stanzbiopsie
U = Unbekannt";Gleason: sampling method;Sampling method;"O = prostatectomy
S = punch biopsy
U = unknown"
78;Primärdiagnose: Modul Melanom;Tumordicke;Tumordicke in mm;Tumordicke (in mm);(n) = Dicke in mm;Tumor thickness;Thickness of tumor (mm);(n) = thickness in mm
79;Primärdiagnose: Modul Melanom;Ulzeration;Ulzeration;Gibt an, ob Ulzeration (Geschwürbildung) vorliegt.;"J = Ja
N = Nein";Ulceration;Indicates whether or not ulceration is present.;"J = Yes
N = No"
80;Primärdiagnose: Modul Melanom;LDH;LDH;LDH-Wert (in Units pro Liter);(n) = Wert in U/L;LDH level;LDH level (units per liter);(n) = level in U/L
81;Primärdiagnose: Modul Darm;RektumAbstandAnokutanlinie;Rektum: Abstand des Tumorunterrandes zur Anokutanlinie;Bei Rektumkarzinom: Beschreibt den Abstand des Tumorunterrandes von der Anokutanlinie (in cm).;"(n) = Abstand zur Anokutanlinie in cm
U = unbekannt";Position;Rectal carcinoma: Distance between anocutaneous line and aboral tumor margin (in cm);"(n) = distance from anocutaneous line in cm
U = unknown"
82;Primärdiagnose: Modul Darm;RASMutation;Mutation K-ras-Onkogen;Gibt an, ob eine Mutation im K-ras-Onkogen vorliegt.;"W = Wildtyp
M = Mutation
U = Unbekannt
N = Nicht untersucht";KRAS mutation;Indicates presence of KRAS proto-oncogene mutations;"W = wild type
M = mutation
U = unknown
N = not assessed"
83;Operation;Datum_OP_Genauigkeit;Operationsdatum - Genauigkeit;"Gibt an, ob nur das Jahr des Datums sicher bekannt ist (M), ob Jahr und Monat sicher bekannt sind (T) bzw. ob weder Jahr noch Monat sicher bekannt sind (V). 
Wichtig: Die Angabe Tag wird von den Registern grundsätzlich nicht ans ZfKD übermittelt. Das ZfKD legt den Tag auf einen beliebigen Wert fest (i. d. R. 15), so dass immer ein Datum im Format Jahr-Monat-Tag vorliegt.";"M = nur das Jahr ist bekannt, der Monat wurde geschätzt (jahrgenau)
T = Jahr und Monat sind bekannt (monatsgenau)
V = Jahr und Monat wurden geschätzt";Surgery date - accuracy;"Indicates if only year is accurate (M), if year and month are accurate (T), or if year and month are estimated (V).
Please note: Day is not collected from registries and assigned an arbitrary value (usu. 15) by ZfKD.";"M = year is accurate, month is estimated
T = year and month are accurate
V = year and month are estimated"
84;Operation;Datum_OP;Operationsdatum;Operationsdatum;Datum YYYY-MM-DD;Surgery date;Surgery date represented in ISO 8601 format YYYY-MM-DD. Year and month of surgery are collected from registries, day of surgery is assigned an arbitrary value.;Date YYYY-MM-DD
85;Operation;Code;Art der Operation nach OPS Code;Art der Operation nach OPS;OPS-Kode;Surgery type;OPS code of surgery;OPS code
86;Operation;Version;Art der Operation nach OPS Version;OPS-Ausgabe;OPS-Version;OPS version;OPS version used to encode surgery type;OPS version number
87;Operation;Intention;Intention der OP;Gibt an, mit welchem Ziel die Operation geplant wurde. Die Angabe S = Sonstiges wird bspw. bei Tracheostomie vor Radiochemotherapie bei Kopf/Hals verwendet.;"K = kurativ
P = palliativ
D = diagnostisch
R = Revision/Komplikation
S = Sonstiges
x = fehlende Angabe";Surgery intent;Describes surgery intent. S may be used to indicate tracheostomy preceding chemoradiotherapy in head and neck cancers.;"K = curative
P = palliative
D = diagnostic
R = revision or complication
S = other
x = missing information"
88;Operation;Lokale_Beurteilung_Residualstatus;Lokale Beurteilung Residualstatus;Bezeichnet den Residualstatus nach einer operativen Tumorentfernung, d. h. Anzeichen für im Körper des Patienten verbliebenes Resttumorgewebe. Klassifikation nach TNM.;"R0 = kein Residualtumor
R1 = mikroskopischer Residualtumor
R1(is) = in-situ-Rest
R1(cy+) = zytologischer Rest
R2 = makroskopischer Residualtumor
RX = Vorhandensein von Residualtumor kann nicht beurteilt werden
U = Residualtumorstatus ist nicht bekannt";Residual tumor status;Residual tumor status by local assessment. Categorized according to TNM.;"R0 = no residual tumor
R1 = microscopic residual tumor
R1(is) = in situ residual tumor
R1(cy+) = microscopic residual tumor based on cytologic examination
R2 = macroscopic residual tumor
RX = presence of residual tumor cannot be assessed
U = residual tumor status unknown"
89;Operation;Anzahl_Tage_Diagnose_OP;Abstand Primärdiagnose bis Operation;Anzahl der Tage zwischen dem Tag der Diagnose und dem Tag der Operation;(n) = Anzahl Tage;Time to surgery;Number of days between diagnosis and surgery;(n) = number of days
90;Strahlentherapie;Datum_Beginn_Bestrahlung_Genauigkeit;Beginn Strahlentherapie - Genauigkeit;"Gibt an, ob nur das Jahr des Datums sicher bekannt ist (M), ob Jahr und Monat sicher bekannt sind (T) bzw. ob weder Jahr noch Monat sicher bekannt sind (V). 
Wichtig: Die Angabe Tag wird von den Registern grundsätzlich nicht ans ZfKD übermittelt. Das ZfKD legt den Tag auf einen beliebigen Wert fest (i. d. R. 15), so dass immer ein Datum im Format Jahr-Monat-Tag vorliegt.";"M = nur das Jahr ist bekannt, der Monat wurde geschätzt (jahrgenau)
T = Jahr und Monat sind bekannt (monatsgenau)
V = Jahr und Monat wurden geschätzt";Radiotherapy start date - accuracy;"Indicates if only year is accurate (M), if year and month are accurate (T), or if year and month are estimated (V).
Please note: Day is not collected from registries and assigned an arbitrary value (usu. 15) by ZfKD.";"M = year is accurate, month is estimated
T = year and month are accurate
V = year and month are estimated"
91;Strahlentherapie;Datum_Beginn_Bestrahlung;Beginn Strahlentherapie;Monat und Jahr des Beginns der Strahlentherapie;Datum YYYY-MM-DD;Radiotherapy start date;Radiotherapy start date;Date YYYY-MM-DD
92;Strahlentherapie;Intention;Intention;"Gibt an, mit welcher Intention die Strahlentherapie geplant wurde. 
Prophylaktisch bzw. Salvage kann als ""Kurativ"" oder ""Palliativ"" kodiert werden. ""Lokal kurativ"" steht zwischen ""Kurativ"" und ""Palliativ"".";"K = kurativ
P = palliativ
O = lokal kurativ bei Oligometastasierung
S = sonstiges
x = keine Angabe";Radiotherapy intent;"Radiotherapy intent. Prophylactic or salvage radiotherapy may be coded as ""curative"" or ""palliative"". ""Locally curative"" is intermediate between ""curative"" and ""palliative"".";"K = curative
P = palliative
O = locally curative with oligometastatic disease
S = other
x = missing information"
93;Strahlentherapie;Stellung_OP;Stellung zur OP;"Gibt an, in welchem Bezug zu einer operativen Therapie die Strahlentherapie steht. 
""Adjuvant"" gilt für Therapien nach R0-Resektion. ""Additiv"" gilt für Therapien nach R1/R2- und RX-Resektion.";"O = ohne Bezug zu einer operativen Therapie
A = adjuvant
N = neoadjuvant
I = interoperativ
Z = additiv
s = sonstiges";Radiotherapy relationship with surgery;"Describes relationship between radiotherapy and surgery. ""adjuvant"" refers to radiotherapy after R0 resection. ""additive"" refers to radiotherapy after R1/R2 or RX resection.";"O = unrelated
A = adjuvant
N = neoadjuvant
I = interoperative
Z = additive
s = other"
94;Strahlentherapie;TypeOfST_TypBestrahlungApplikationsart;Applikationsart;Gibt an, mit welcher Technik die Strahlentherapie durchgeführt wurde. Die möglichen Applikationsarten enthalten untergeordnete Elemente (Details siehe XML-Schema).;"Perkutan
Kontakt
Metabolisch
Sonstige
Unbekannt";Radiotherapy type;Describes how radiation therapy was applied. Note: Radiotherapy types contain child elements. See XML schema for details. ;"percutaneous
contact application
metabolic
other
unknown"
95;Strahlentherapie;Radiochemo;Perkutane Strahlentherapie - Radiochemotherapie;Beschreibt die Ausführung der perkutanen Radiochemotherapie (mit/ohne Sensibilisierung).;"RCJ = mit Chemotherapie/Sensitizer
RCN = ohne Chemotherapie/Sensitizer";Percutaneous radiotherapy - Chemoradio;Describes whether chemoradiotherapy was applied with or without chemotherapy or a sensitizing agent.;"RCJ = with chemotherapy/radiosensitizer
RCN = without chemotherapy/radiosensitizer"
96;Strahlentherapie;Stereotaktisch;Perkutane Strahlentherapie - Stereotaktisch;Gibt an, ob die perkutane Strahlentherapie stereotaktisch durchgeführt wurde.;ST = stereotaktisch;Percutaneous radiotherapy - Stereotactic;Indicates if percutaneous radiotherapy (external beam radiotherapy) was applied using stereotactic techniques.;ST = stereotactic
97;Strahlentherapie;Atemgetriggert;Perkutane Strahlentherapie - Atemgetriggert;Gibt an, ob die perkutane Strahlentherapie atemgesteuert durchgeführt wurde.;4D = atemgetriggert;Percutaneous radiotherapy - Respiratory-gated;Indicates if percutaneous radiotherapy (external beam radiotherapy) was respiratory-gated.;4D = respiratory-gated
98;Strahlentherapie;CodeVersion2014;Perkutane Strahlentherapie - Zielgebiet - oBDS Version 2014;Bezeichnet die behandelte anatomische Region. Kodierung gemäß oBDS-Version 2014.;"1. = ZNS
1.1. = Ganzhirn
1.2. = Teilhirn
1.3. = Neuroachse
2. = Kopf-Hals
2.+ = Kopf-Hals mit Lk
2.- = Kopf-Hals ohne Lk
2.1. = Orbita, o.n.A.
2.1.+ = Orbita mit Lk
2.1.- = Orbita ohne Lk
2.2. = Nase/ Nasennebenhöhle, o.n.A.
2.2.+ = Nase/ Nasennebenhöhle mit Lk
2.2.- = Nase/ Nasennebenhöhle ohne Lk
2.3. = Mundhöhle, o.n.A.
2.3.+ = Mundhöhle mit Lk
2.3.- = Mundhöhle ohne Lk
2.4. = Ohr, o.n.A.
2.4.+ = Ohr mit Lk
2.4.- = Ohr ohne Lk
2.5. = Speicheldrüse, o.n.A.
2.5.+ = Speicheldrüse mit Lk
2.5.- = Speicheldrüse ohne Lk
2.6. = Pharynx, o.n.A.
2.6.+ = Pharynx mit Lk
2.6.- = Pharynx ohne Lk
2.7. = Larynx, o.n.A.
2.7.+ = Larynx mit Lk
2.7.- = Larynx ohne Lk
2.8. = Schilddrüse, o.n.A.
2.8.+= Schilddrüse mit Lk
2.8.- = Schilddrüse ohne Lk
2.9. = Halslymphknoten
3.1 = Thorax
3.+ = Thorax mit Lk
3.- = Thorax ohne Lk
3.1. = Mamma als Ganzbrust, o.n.A.
3.1.+ = Mamma als Ganzbrust mit Lk
3.1.- = Mamma als Ganzbrust ohne Lk
3.2. = Mamma als Teilbrust, o.n.A.
3.2.+ = Mamma als Teilbrust mit Lk
3.2.- = Mamma als Teilbrust ohne Lk
3.3. = Brustwand
3.3.+ = Brustwand mit Lk
3.3.- = Brustwand ohne Lk
3.4. = Lunge, o.n.A.
3.4.+ = Lunge mit Lk
3.4.- = Lunge ohne Lk
3.5. = Ösophagus, o.n.A.
3.5.+ = Ösophagus mit Lk
3.5.- = Ösophagus ohne Lk
3.6. = Thymus, o.n.A.
3.6.+ = Thymus mit Lk
3.6.- = Thymus ohne Lk
3.7. = Mediastinale Lymphknoten
4. = Abdomen (ohne Becken)
4.+ = Abdomen (ohne Becken) mit Lk
4.- = Abdomen (ohne Becken) ohne Lk
4.1. = Magen, o.n.A.
4.1.+ = Magen mit Lk
4.1.- = Magen ohne Lk
4.2. = Pankreas, o.n.A.
4.2.+ = Pankreas mit Lk
4.2.- = Pankreas ohne Lk
4.3. = Leber, o.n.A.
4.3.+ = Leber mit Lk
4.3.- = Leber ohne Lk
4.4. = Milz, o.n.A.
4.4.+ = Milz mit Lk
4.4.- = Milz ohne Lk
4.5. = Niere, o.n.A.
4.5.+ = Niere mit Lk
4.5.- = Niere ohne Lk
4.6. = Nebenniere, o.n.A.
4.6.+ = Nebenniere mit Lk
4.6.- = Nebenniere ohne Lk
4.7. = Retroperitoneale Lymphknoten
4.8. = Retroperitoneum, o.n.A.
4.8.+ = Retroperitoneum mit Lk
4.8.- = Retroperitoneum ohne Lk
4.9. = Bauchwand, o.n.A.
4.9.+ = Bauchwand mit Lk
4.9.- = Bauchwand ohne Lk
5. = Becken
5.+ = Becken mit Lk
5.- = Becken ohne Lk
5.1. = Rektum, o.n.A.
5.1.+ = Rektum mit Lk
5.1.- = Rektum ohne Lk
5.2. = Analbereich, o.n.A.
5.2.- = Analbereich ohne Lk
5.2.+ = Analbereich mit Lk
5.3. = Harnblase, o.n.A.
5.3.- = Harnblase ohne Lk
5.3.+ = Harnblase mit Lk
5.4. = Prostata, o.n.A.
5.4.+ = Prostata mit Lk
5.4.- = Prostata ohne Lk
5.5. = Hoden, o.n.A.
5.5.+ = Hoden mit Lk
5.5.- = Hoden ohne Lk
5.6. = Penis, o.n.A.
5.6.+ = Penis mit Lk
5.6.- = Penis ohne Lk
5.7. = Uterus und Zervix, o.n.A.
5.7.+ = Uterus und Zervix mit Lk
5.7.2.- = Zervix ohne Lymphknoten
5.7.2.+ = Zervix mit Lymphknoten
5.7.2. = Zervix
5.7.1.- = Uterus ohne Lymphknoten
5.7.1.+ = Uterus mit Lymphknoten
5.7.1. = Uterus
5.7.- = Uterus und Zervix ohne Lk
5.8. = Ovar, o.n.A.
5.8.- = Ovar ohne Lk

5.8.+ = Ovar mit Lk
5.9. = Vulva, o.n.A.

5.9.- = Vulva ohne Lk
5.9.+ = Vulva mit Lk

5.10. = Vagina, o.n.A.
5.10.+ = Vagina mit Lk
5.10.- = Vagina ohne Lk

5.11. = Beckenwand, o.n.A.
5.11.+ = Beckenwand mit Lk
5.11.- = Beckenwand ohne Lk
5.12. = Beckenlymphkn. (ohne Primtu.)
6. = Stütz-/Bewegungsapparat

6.1. = Schädelknochen

6.2. = Rippen
6.3. = Sternum
6.4. = HWS
6.5. = BWS
6.6. = LWS
6.7. = knöchernes Becken
6.8. = Hüfte
6.9. = Achsel
6.10. = Oberarm
6.11. = Unterarm
6.12. = Hand
6.13. = Leiste
6.14. = Oberschenkel
6.15.= Unterschenkel
6.16. = Fuß
7. = Haut
7.+ = Haut mit Lymphknoten
7.- = Haut ohne Lymphknoten
7.1. = Primärer Hauttumor
7.2. = Hautmetastasen
8. = Sonstiges
8.1. = Ganzkörperbestrahlung
8.2. = Mantelfeldbestrahlung";Percutaneous radiotherapy - site oBDS v2014;Describes percutaneous radiotherapy (external beam radiotherapy) target site according to oBDS v2014.;
99;Strahlentherapie;CodeVersion2021;Perkutane Strahlentherapie - Zielgebiet - oBDS Version 2021;Bezeichnet die behandelte anatomische Region. Kodierung gemäß oBDS-Version 2021.;"1.1 = Ganzhirn (Neurokranium, inklusive Meningen)
1.2 = Teilhirn (frontal/parietal/occipital/temporal/Kleinhirn)
1.3 = Neuroachse/Rückenmark
1.4 = Hypophyse
1.5= Hirn sonstiges
2.1 = Auge (r, l)
2.2 = Nase/Nasennebenhöhle
2.3 = Mundhöhle inklusive Mundhöhlenvorhof
2.4 = Ohr (r, l)
2.5 = Speicheldrüse (r, l)
2.6 = Pharynx
2.7 = Nasopharynx
2.8 = Oropharynx
2.9 = Hypopharynx
2.10 = Larynx
2.11 = Schilddrüse
2.12 = Kopf-Hals sonstige
3.1 = Mamma als Ganzbrust (r, l)
3.2 = Mamma als Teilbrust (r, l)
3.3 = Thoraxwand, gegebenenfalls r, l
3.4 = Lunge (r, l)
3.5 = Ösophagus
3.6 = Mediastinum (mediastinaler Lymphabfluss ist in Nummer 9 zu kodieren)
3.7 = Thymus
3.8 = Thorax sonstige
4.1 = Magen
4.2 = Pankreas
4.3 = Leber, auch bei Teilbestrahlung
4.4 = Milz
4.5 = Niere (r, l)
4.6 = Nebenniere (r, l)
4.7 = Retroperitoneum (z. B. Sarkome)
4.8 = Ureter (r, l)
4.9 = Bauchwand (z. B. Sarkome)
4.10 = Oberbauch
4.11 = Gallengänge
4.12 = Gallenblase
4.13 = Abdomen sonstige
5.1 = Rektum
5.2 = Analbereich
5.3 = Harnblase
5.4 = Prostata
5.5 = Hoden (r, l)
5.6 = Penis
5.7 = Uterus
5.8 = Zervix
5.9 = Vulva
5.10 = Vagina
5.11 = Beckenwand
5.12 = Becken sonstige
6.1 = Schädel
6.2 = Schädelbasis
6.3 = Orbita (r, l)
6.4 = Halswirbelsäule
6.5 = Brustwirbelsäule
6.6 = Lendenwirbelsäule
6.7 = Sacrum/Coccygeum
6.8 = Rippen (r, l)
6.9 = Sternum
6.10 = Schulter (r, l)
6.11 = Oberarm (r, l)
6.12 = Unterarm (r, l)
6.13 = Hand (r, l)
6.14 = Becken (r, l)
6.15 = Hüfte (r, l)
6.16 = Oberschenkel (r, l)
6.17 = Unterschenkel (r, l)
6.18 = Fuß (r, l)
6.19 = Knochen sonstige
7.1 = Kopf, Gesicht, Hals
7.2 = obere Extremität inklusive Schulter (r, l)
7.3 = untere Extremität und Hüfte (r, l)
7.4 =Thorax
7.5 = Abdomen
7.6 = Becken
7.7 = Stammes o. n. A.
7.8 = mehrere Bereiche überlappend
7.9 = sonstige Weichteile o. n. A.
8.1 = Ganzhaut
8.2 = Teilbereiche
9.1 = Cervikale Lymphknoten (r, l)
9.2 = Supra-/infraclavikuläre Lymphknoten (r, l)
9.3 = Axilläre Lymphknoten (r, l)
9.4 = Retrosternale/sternale/Mammaria interna Lymphknoten
9.5 = Mediastinale Lymphknoten
9.6 = Hiläre Lymphknoten
9.7 = Intraabdominale Lymphknoten (z. B. subphrenisch, perigastrisch, peripankreatisch, Leber-, Milzhilus)
9.8 = Paraaortale/paracavale Lymphknoten
9.9 = Retroperitoneale Lymphknoten
9.10 = Beckenlymphabfluss (r, l) (Iliakal commun, extern, intern, obturatorisch, präsakral)
9.11 = Inguinale Lymphknoten (r, l)
9.12 = Involved Node
9.13 = Involved Site
9.14 = Involved Field
9.15 = Sonstige Lymphknoten
10.1 = Ganzkörperbestrahlung bei allogener Stammzelltransplantation
10.2 = operative Zugangswege
10.3 = Sonstige, nicht genannte Zielgebiete";Percutaneous radiotherapy - site oBDS v2021;Describes percutaneous radiotherapy (external beam radiotherapy) target site according to oBDS v2021.;
100;Strahlentherapie;Seite_Zielgebiet;Perkutane Strahlentherapie - Körperseite;Bezeichnet die Körperseite der behandelten anatomischen Region.;"L = links
R = rechts
B = beidseits
M = mittig
U = unbekannt
T = trifft nicht zu";Percutaneous radiotherapy - laterality;Describes laterality of percutaneous radiotherapy (external beam radiotherapy) target site.;"L = left
R = right
B = bilateral
M = center
U = unknown
T = not applicable"
101;Strahlentherapie;Interstitiell_endokavitaer;Kontaktbestrahlung - Typ;Gibt an, wie die Kontaktbestrahlung (Brachytherapie) durchgeführt wurde.;"I = interstitiell
K = endokavitär";Brachytherapy - type;Describes how brachytherapy was applied.;"I = interstitial
K = intracavity"
102;Strahlentherapie;Rate_Type;Kontaktbestrahlung - Dosisleistung;Beschreibt die bei der Kontaktbestrahlung (Brachytherapie) eingesetzte Dosisleistung.;"HDR = high dose rate
LDR = low dose rate
PDR = pulsed dose rate";Brachytherapy - dose rate;Describes brachytherapy dose rate.;"HDR = high dose rate
LDR = low dose rate
PDR = pulsed dose rate"
103;Strahlentherapie;CodeVersion2014;Kontaktbestrahlung - Zielgebiet - oBDS Version 2014;Bezeichnet die behandelte anatomische Region. Kodierung gemäß oBDS-Version 2014.;"1. = ZNS
1.1. = Ganzhirn
1.2. = Teilhirn
1.3. = Neuroachse
2. = Kopf-Hals
2.+ = Kopf-Hals mit Lk
2.- = Kopf-Hals ohne Lk
2.1. = Orbita, o.n.A.
2.1.+ = Orbita mit Lk
2.1.- = Orbita ohne Lk
2.2. = Nase/ Nasennebenhöhle, o.n.A.
2.2.+ = Nase/ Nasennebenhöhle mit Lk
2.2.- = Nase/ Nasennebenhöhle ohne Lk
2.3. = Mundhöhle, o.n.A.
2.3.+ = Mundhöhle mit Lk
2.3.- = Mundhöhle ohne Lk
2.4. = Ohr, o.n.A.
2.4.+ = Ohr mit Lk
2.4.- = Ohr ohne Lk
2.5. = Speicheldrüse, o.n.A.
2.5.+ = Speicheldrüse mit Lk
2.5.- = Speicheldrüse ohne Lk
2.6. = Pharynx, o.n.A.
2.6.+ = Pharynx mit Lk
2.6.- = Pharynx ohne Lk
2.7. = Larynx, o.n.A.
2.7.+ = Larynx mit Lk
2.7.- = Larynx ohne Lk
2.8. = Schilddrüse, o.n.A.
2.8.+= Schilddrüse mit Lk
2.8.- = Schilddrüse ohne Lk
2.9. = Halslymphknoten
3.1 = Thorax
3.+ = Thorax mit Lk
3.- = Thorax ohne Lk
3.1. = Mamma als Ganzbrust, o.n.A.
3.1.+ = Mamma als Ganzbrust mit Lk
3.1.- = Mamma als Ganzbrust ohne Lk
3.2. = Mamma als Teilbrust, o.n.A.
3.2.+ = Mamma als Teilbrust mit Lk
3.2.- = Mamma als Teilbrust ohne Lk
3.3. = Brustwand
3.3.+ = Brustwand mit Lk
3.3.- = Brustwand ohne Lk
3.4. = Lunge, o.n.A.
3.4.+ = Lunge mit Lk
3.4.- = Lunge ohne Lk
3.5. = Ösophagus, o.n.A.
3.5.+ = Ösophagus mit Lk
3.5.- = Ösophagus ohne Lk
3.6. = Thymus, o.n.A.
3.6.+ = Thymus mit Lk
3.6.- = Thymus ohne Lk
3.7. = Mediastinale Lymphknoten
4. = Abdomen (ohne Becken)
4.+ = Abdomen (ohne Becken) mit Lk
4.- = Abdomen (ohne Becken) ohne Lk
4.1. = Magen, o.n.A.
4.1.+ = Magen mit Lk
4.1.- = Magen ohne Lk
4.2. = Pankreas, o.n.A.
4.2.+ = Pankreas mit Lk
4.2.- = Pankreas ohne Lk
4.3. = Leber, o.n.A.
4.3.+ = Leber mit Lk
4.3.- = Leber ohne Lk
4.4. = Milz, o.n.A.
4.4.+ = Milz mit Lk
4.4.- = Milz ohne Lk
4.5. = Niere, o.n.A.
4.5.+ = Niere mit Lk
4.5.- = Niere ohne Lk
4.6. = Nebenniere, o.n.A.
4.6.+ = Nebenniere mit Lk
4.6.- = Nebenniere ohne Lk
4.7. = Retroperitoneale Lymphknoten
4.8. = Retroperitoneum, o.n.A.
4.8.+ = Retroperitoneum mit Lk
4.8.- = Retroperitoneum ohne Lk
4.9. = Bauchwand, o.n.A.
4.9.+ = Bauchwand mit Lk
4.9.- = Bauchwand ohne Lk
5. = Becken
5.+ = Becken mit Lk
5.- = Becken ohne Lk
5.1. = Rektum, o.n.A.
5.1.+ = Rektum mit Lk
5.1.- = Rektum ohne Lk
5.2. = Analbereich, o.n.A.
5.2.- = Analbereich ohne Lk
5.2.+ = Analbereich mit Lk
5.3. = Harnblase, o.n.A.
5.3.- = Harnblase ohne Lk
5.3.+ = Harnblase mit Lk
5.4. = Prostata, o.n.A.
5.4.+ = Prostata mit Lk
5.4.- = Prostata ohne Lk
5.5. = Hoden, o.n.A.
5.5.+ = Hoden mit Lk
5.5.- = Hoden ohne Lk
5.6. = Penis, o.n.A.
5.6.+ = Penis mit Lk
5.6.- = Penis ohne Lk
5.7. = Uterus und Zervix, o.n.A.
5.7.+ = Uterus und Zervix mit Lk
5.7.2.- = Zervix ohne Lymphknoten
5.7.2.+ = Zervix mit Lymphknoten
5.7.2. = Zervix
5.7.1.- = Uterus ohne Lymphknoten
5.7.1.+ = Uterus mit Lymphknoten
5.7.1. = Uterus
5.7.- = Uterus und Zervix ohne Lk
5.8. = Ovar, o.n.A.
5.8.- = Ovar ohne Lk

5.8.+ = Ovar mit Lk
5.9. = Vulva, o.n.A.

5.9.- = Vulva ohne Lk
5.9.+ = Vulva mit Lk

5.10. = Vagina, o.n.A.
5.10.+ = Vagina mit Lk
5.10.- = Vagina ohne Lk

5.11. = Beckenwand, o.n.A.
5.11.+ = Beckenwand mit Lk
5.11.- = Beckenwand ohne Lk
5.12. = Beckenlymphkn. (ohne Primtu.)
6. = Stütz-/Bewegungsapparat

6.1. = Schädelknochen

6.2. = Rippen
6.3. = Sternum
6.4. = HWS
6.5. = BWS
6.6. = LWS
6.7. = knöchernes Becken
6.8. = Hüfte
6.9. = Achsel
6.10. = Oberarm
6.11. = Unterarm
6.12. = Hand
6.13. = Leiste
6.14. = Oberschenkel
6.15.= Unterschenkel
6.16. = Fuß
7. = Haut
7.+ = Haut mit Lymphknoten
7.- = Haut ohne Lymphknoten
7.1. = Primärer Hauttumor
7.2. = Hautmetastasen
8. = Sonstiges
8.1. = Ganzkörperbestrahlung
8.2. = Mantelfeldbestrahlung";Brachytherapy - site oBDS v2014;Describes brachytherapy target site according to oBDS v2014.;
104;Strahlentherapie;CodeVersion2021;Kontaktbestrahlung - Zielgebiet - oBDS Version 2021;Bezeichnet die behandelte anatomische Region. Kodierung gemäß oBDS-Version 2021.;"1.1 = Ganzhirn (Neurokranium, inklusive Meningen)
1.2 = Teilhirn (frontal/parietal/occipital/temporal/Kleinhirn)
1.3 = Neuroachse/Rückenmark
1.4 = Hypophyse
1.5= Hirn sonstiges
2.1 = Auge (r, l)
2.2 = Nase/Nasennebenhöhle
2.3 = Mundhöhle inklusive Mundhöhlenvorhof
2.4 = Ohr (r, l)
2.5 = Speicheldrüse (r, l)
2.6 = Pharynx
2.7 = Nasopharynx
2.8 = Oropharynx
2.9 = Hypopharynx
2.10 = Larynx
2.11 = Schilddrüse
2.12 = Kopf-Hals sonstige
3.1 = Mamma als Ganzbrust (r, l)
3.2 = Mamma als Teilbrust (r, l)
3.3 = Thoraxwand, gegebenenfalls r, l
3.4 = Lunge (r, l)
3.5 = Ösophagus
3.6 = Mediastinum (mediastinaler Lymphabfluss ist in Nummer 9 zu kodieren)
3.7 = Thymus
3.8 = Thorax sonstige
4.1 = Magen
4.2 = Pankreas
4.3 = Leber, auch bei Teilbestrahlung
4.4 = Milz
4.5 = Niere (r, l)
4.6 = Nebenniere (r, l)
4.7 = Retroperitoneum (z. B. Sarkome)
4.8 = Ureter (r, l)
4.9 = Bauchwand (z. B. Sarkome)
4.10 = Oberbauch
4.11 = Gallengänge
4.12 = Gallenblase
4.13 = Abdomen sonstige
5.1 = Rektum
5.2 = Analbereich
5.3 = Harnblase
5.4 = Prostata
5.5 = Hoden (r, l)
5.6 = Penis
5.7 = Uterus
5.8 = Zervix
5.9 = Vulva
5.10 = Vagina
5.11 = Beckenwand
5.12 = Becken sonstige
6.1 = Schädel
6.2 = Schädelbasis
6.3 = Orbita (r, l)
6.4 = Halswirbelsäule
6.5 = Brustwirbelsäule
6.6 = Lendenwirbelsäule
6.7 = Sacrum/Coccygeum
6.8 = Rippen (r, l)
6.9 = Sternum
6.10 = Schulter (r, l)
6.11 = Oberarm (r, l)
6.12 = Unterarm (r, l)
6.13 = Hand (r, l)
6.14 = Becken (r, l)
6.15 = Hüfte (r, l)
6.16 = Oberschenkel (r, l)
6.17 = Unterschenkel (r, l)
6.18 = Fuß (r, l)
6.19 = Knochen sonstige
7.1 = Kopf, Gesicht, Hals
7.2 = obere Extremität inklusive Schulter (r, l)
7.3 = untere Extremität und Hüfte (r, l)
7.4 =Thorax
7.5 = Abdomen
7.6 = Becken
7.7 = Stammes o. n. A.
7.8 = mehrere Bereiche überlappend
7.9 = sonstige Weichteile o. n. A.
8.1 = Ganzhaut
8.2 = Teilbereiche
9.1 = Cervikale Lymphknoten (r, l)
9.2 = Supra-/infraclavikuläre Lymphknoten (r, l)
9.3 = Axilläre Lymphknoten (r, l)
9.4 = Retrosternale/sternale/Mammaria interna Lymphknoten
9.5 = Mediastinale Lymphknoten
9.6 = Hiläre Lymphknoten
9.7 = Intraabdominale Lymphknoten (z. B. subphrenisch, perigastrisch, peripankreatisch, Leber-, Milzhilus)
9.8 = Paraaortale/paracavale Lymphknoten
9.9 = Retroperitoneale Lymphknoten
9.10 = Beckenlymphabfluss (r, l) (Iliakal commun, extern, intern, obturatorisch, präsakral)
9.11 = Inguinale Lymphknoten (r, l)
9.12 = Involved Node
9.13 = Involved Site
9.14 = Involved Field
9.15 = Sonstige Lymphknoten
10.1 = Ganzkörperbestrahlung bei allogener Stammzelltransplantation
10.2 = operative Zugangswege
10.3 = Sonstige, nicht genannte Zielgebiete";Brachytherapy - site oBDS v2021;Describes brachytherapy target site according to oBDS v2021.;
105;Strahlentherapie;Seite_Zielgebiet;Kontaktbestrahlung - Körperseite;Bezeichnet die Körperseite der behandelten anatomischen Region.;"L = links
R = rechts
B = beidseits
M = mittig
U = unbekannt
T = trifft nicht zu";Brachytherapy - laterality;Describes laterality of percutaneous radiotherapy (external beam radiotherapy) target site.;"L = left
R = right
B = bilateral
M = center
U = unknown
T = not applicable"
106;Strahlentherapie;Metabolisch_Typ;Metabolische Strahlentherapie - Typ;Bezeichnet den Typ der metabolischen Strahlentherapie.;"SIRT = selektive interne Radiotherapie
PRRT = Peptid-Radiorezeptor-Therapie
PSMA = PSMA-Therapie
RJT = Radiojod-Therapie
RIT = Radioimmun-Therapie";Radionuclide therapy - type;Describes type of radionuclide therapy.;"SIRT = Selective Internal Radiation Therapy
PRRT = Peptide Receptor Radionuclide Therapy
PSMA = PSMA-Targeted Radiotherapy
RJT = Radioactive Iodine Therapy
RIT = Radioimmunotherapy"
107;Strahlentherapie;CodeVersion2014;Metabolische Strahlentherapie - Zielgebiet - oBDS Version 2014;Bezeichnet die behandelte anatomische Region. Kodierung gemäß oBDS-Version 2014.;"1. = ZNS
1.1. = Ganzhirn
1.2. = Teilhirn
1.3. = Neuroachse
2. = Kopf-Hals
2.+ = Kopf-Hals mit Lk
2.- = Kopf-Hals ohne Lk
2.1. = Orbita, o.n.A.
2.1.+ = Orbita mit Lk
2.1.- = Orbita ohne Lk
2.2. = Nase/ Nasennebenhöhle, o.n.A.
2.2.+ = Nase/ Nasennebenhöhle mit Lk
2.2.- = Nase/ Nasennebenhöhle ohne Lk
2.3. = Mundhöhle, o.n.A.
2.3.+ = Mundhöhle mit Lk
2.3.- = Mundhöhle ohne Lk
2.4. = Ohr, o.n.A.
2.4.+ = Ohr mit Lk
2.4.- = Ohr ohne Lk
2.5. = Speicheldrüse, o.n.A.
2.5.+ = Speicheldrüse mit Lk
2.5.- = Speicheldrüse ohne Lk
2.6. = Pharynx, o.n.A.
2.6.+ = Pharynx mit Lk
2.6.- = Pharynx ohne Lk
2.7. = Larynx, o.n.A.
2.7.+ = Larynx mit Lk
2.7.- = Larynx ohne Lk
2.8. = Schilddrüse, o.n.A.
2.8.+= Schilddrüse mit Lk
2.8.- = Schilddrüse ohne Lk
2.9. = Halslymphknoten
3.1 = Thorax
3.+ = Thorax mit Lk
3.- = Thorax ohne Lk
3.1. = Mamma als Ganzbrust, o.n.A.
3.1.+ = Mamma als Ganzbrust mit Lk
3.1.- = Mamma als Ganzbrust ohne Lk
3.2. = Mamma als Teilbrust, o.n.A.
3.2.+ = Mamma als Teilbrust mit Lk
3.2.- = Mamma als Teilbrust ohne Lk
3.3. = Brustwand
3.3.+ = Brustwand mit Lk
3.3.- = Brustwand ohne Lk
3.4. = Lunge, o.n.A.
3.4.+ = Lunge mit Lk
3.4.- = Lunge ohne Lk
3.5. = Ösophagus, o.n.A.
3.5.+ = Ösophagus mit Lk
3.5.- = Ösophagus ohne Lk
3.6. = Thymus, o.n.A.
3.6.+ = Thymus mit Lk
3.6.- = Thymus ohne Lk
3.7. = Mediastinale Lymphknoten
4. = Abdomen (ohne Becken)
4.+ = Abdomen (ohne Becken) mit Lk
4.- = Abdomen (ohne Becken) ohne Lk
4.1. = Magen, o.n.A.
4.1.+ = Magen mit Lk
4.1.- = Magen ohne Lk
4.2. = Pankreas, o.n.A.
4.2.+ = Pankreas mit Lk
4.2.- = Pankreas ohne Lk
4.3. = Leber, o.n.A.
4.3.+ = Leber mit Lk
4.3.- = Leber ohne Lk
4.4. = Milz, o.n.A.
4.4.+ = Milz mit Lk
4.4.- = Milz ohne Lk
4.5. = Niere, o.n.A.
4.5.+ = Niere mit Lk
4.5.- = Niere ohne Lk
4.6. = Nebenniere, o.n.A.
4.6.+ = Nebenniere mit Lk
4.6.- = Nebenniere ohne Lk
4.7. = Retroperitoneale Lymphknoten
4.8. = Retroperitoneum, o.n.A.
4.8.+ = Retroperitoneum mit Lk
4.8.- = Retroperitoneum ohne Lk
4.9. = Bauchwand, o.n.A.
4.9.+ = Bauchwand mit Lk
4.9.- = Bauchwand ohne Lk
5. = Becken
5.+ = Becken mit Lk
5.- = Becken ohne Lk
5.1. = Rektum, o.n.A.
5.1.+ = Rektum mit Lk
5.1.- = Rektum ohne Lk
5.2. = Analbereich, o.n.A.
5.2.- = Analbereich ohne Lk
5.2.+ = Analbereich mit Lk
5.3. = Harnblase, o.n.A.
5.3.- = Harnblase ohne Lk
5.3.+ = Harnblase mit Lk
5.4. = Prostata, o.n.A.
5.4.+ = Prostata mit Lk
5.4.- = Prostata ohne Lk
5.5. = Hoden, o.n.A.
5.5.+ = Hoden mit Lk
5.5.- = Hoden ohne Lk
5.6. = Penis, o.n.A.
5.6.+ = Penis mit Lk
5.6.- = Penis ohne Lk
5.7. = Uterus und Zervix, o.n.A.
5.7.+ = Uterus und Zervix mit Lk
5.7.2.- = Zervix ohne Lymphknoten
5.7.2.+ = Zervix mit Lymphknoten
5.7.2. = Zervix
5.7.1.- = Uterus ohne Lymphknoten
5.7.1.+ = Uterus mit Lymphknoten
5.7.1. = Uterus
5.7.- = Uterus und Zervix ohne Lk
5.8. = Ovar, o.n.A.
5.8.- = Ovar ohne Lk

5.8.+ = Ovar mit Lk
5.9. = Vulva, o.n.A.

5.9.- = Vulva ohne Lk
5.9.+ = Vulva mit Lk

5.10. = Vagina, o.n.A.
5.10.+ = Vagina mit Lk
5.10.- = Vagina ohne Lk

5.11. = Beckenwand, o.n.A.
5.11.+ = Beckenwand mit Lk
5.11.- = Beckenwand ohne Lk
5.12. = Beckenlymphkn. (ohne Primtu.)
6. = Stütz-/Bewegungsapparat

6.1. = Schädelknochen

6.2. = Rippen
6.3. = Sternum
6.4. = HWS
6.5. = BWS
6.6. = LWS
6.7. = knöchernes Becken
6.8. = Hüfte
6.9. = Achsel
6.10. = Oberarm
6.11. = Unterarm
6.12. = Hand
6.13. = Leiste
6.14. = Oberschenkel
6.15.= Unterschenkel
6.16. = Fuß
7. = Haut
7.+ = Haut mit Lymphknoten
7.- = Haut ohne Lymphknoten
7.1. = Primärer Hauttumor
7.2. = Hautmetastasen
8. = Sonstiges
8.1. = Ganzkörperbestrahlung
8.2. = Mantelfeldbestrahlung";Radionuclide therapy - site oBDS v2014;Describes radionuclide therapy target site according to oBDS v2014.;
108;Strahlentherapie;CodeVersion2021;Metabolische Strahlentherapie - Zielgebiet - oBDS Version 2021;Bezeichnet die behandelte anatomische Region. Kodierung gemäß oBDS-Version 2021.;"1.1 = Ganzhirn (Neurokranium, inklusive Meningen)
1.2 = Teilhirn (frontal/parietal/occipital/temporal/Kleinhirn)
1.3 = Neuroachse/Rückenmark
1.4 = Hypophyse
1.5= Hirn sonstiges
2.1 = Auge (r, l)
2.2 = Nase/Nasennebenhöhle
2.3 = Mundhöhle inklusive Mundhöhlenvorhof
2.4 = Ohr (r, l)
2.5 = Speicheldrüse (r, l)
2.6 = Pharynx
2.7 = Nasopharynx
2.8 = Oropharynx
2.9 = Hypopharynx
2.10 = Larynx
2.11 = Schilddrüse
2.12 = Kopf-Hals sonstige
3.1 = Mamma als Ganzbrust (r, l)
3.2 = Mamma als Teilbrust (r, l)
3.3 = Thoraxwand, gegebenenfalls r, l
3.4 = Lunge (r, l)
3.5 = Ösophagus
3.6 = Mediastinum (mediastinaler Lymphabfluss ist in Nummer 9 zu kodieren)
3.7 = Thymus
3.8 = Thorax sonstige
4.1 = Magen
4.2 = Pankreas
4.3 = Leber, auch bei Teilbestrahlung
4.4 = Milz
4.5 = Niere (r, l)
4.6 = Nebenniere (r, l)
4.7 = Retroperitoneum (z. B. Sarkome)
4.8 = Ureter (r, l)
4.9 = Bauchwand (z. B. Sarkome)
4.10 = Oberbauch
4.11 = Gallengänge
4.12 = Gallenblase
4.13 = Abdomen sonstige
5.1 = Rektum
5.2 = Analbereich
5.3 = Harnblase
5.4 = Prostata
5.5 = Hoden (r, l)
5.6 = Penis
5.7 = Uterus
5.8 = Zervix
5.9 = Vulva
5.10 = Vagina
5.11 = Beckenwand
5.12 = Becken sonstige
6.1 = Schädel
6.2 = Schädelbasis
6.3 = Orbita (r, l)
6.4 = Halswirbelsäule
6.5 = Brustwirbelsäule
6.6 = Lendenwirbelsäule
6.7 = Sacrum/Coccygeum
6.8 = Rippen (r, l)
6.9 = Sternum
6.10 = Schulter (r, l)
6.11 = Oberarm (r, l)
6.12 = Unterarm (r, l)
6.13 = Hand (r, l)
6.14 = Becken (r, l)
6.15 = Hüfte (r, l)
6.16 = Oberschenkel (r, l)
6.17 = Unterschenkel (r, l)
6.18 = Fuß (r, l)
6.19 = Knochen sonstige
7.1 = Kopf, Gesicht, Hals
7.2 = obere Extremität inklusive Schulter (r, l)
7.3 = untere Extremität und Hüfte (r, l)
7.4 =Thorax
7.5 = Abdomen
7.6 = Becken
7.7 = Stammes o. n. A.
7.8 = mehrere Bereiche überlappend
7.9 = sonstige Weichteile o. n. A.
8.1 = Ganzhaut
8.2 = Teilbereiche
9.1 = Cervikale Lymphknoten (r, l)
9.2 = Supra-/infraclavikuläre Lymphknoten (r, l)
9.3 = Axilläre Lymphknoten (r, l)
9.4 = Retrosternale/sternale/Mammaria interna Lymphknoten
9.5 = Mediastinale Lymphknoten
9.6 = Hiläre Lymphknoten
9.7 = Intraabdominale Lymphknoten (z. B. subphrenisch, perigastrisch, peripankreatisch, Leber-, Milzhilus)
9.8 = Paraaortale/paracavale Lymphknoten
9.9 = Retroperitoneale Lymphknoten
9.10 = Beckenlymphabfluss (r, l) (Iliakal commun, extern, intern, obturatorisch, präsakral)
9.11 = Inguinale Lymphknoten (r, l)
9.12 = Involved Node
9.13 = Involved Site
9.14 = Involved Field
9.15 = Sonstige Lymphknoten
10.1 = Ganzkörperbestrahlung bei allogener Stammzelltransplantation
10.2 = operative Zugangswege
10.3 = Sonstige, nicht genannte Zielgebiete";Radionuclide therapy - site oBDS v2021;Describes radionuclide therapy target site according to oBDS v2021.;
109;Strahlentherapie;Seite_Zielgebiet;Metabolische Strahlentherapie - Körperseite;Bezeichnet die Körperseite der behandelten anatomischen Region.;"L = links
R = rechts
B = beidseits
M = mittig
U = unbekannt
T = trifft nicht zu";Radionuclide therapy - laterality;Describes laterality of radionuclide therapy target site.;"L = left
R = right
B = bilateral
M = center
U = unknown
T = not applicable"
110;Strahlentherapie;CodeVersion2014;Sonstige Strahlentherapie - Zielgebiet - oBDS Version 2014;Bezeichnet die behandelte anatomische Region. Kodierung gemäß oBDS-Version 2014.;"1. = ZNS
1.1. = Ganzhirn
1.2. = Teilhirn
1.3. = Neuroachse
2. = Kopf-Hals
2.+ = Kopf-Hals mit Lk
2.- = Kopf-Hals ohne Lk
2.1. = Orbita, o.n.A.
2.1.+ = Orbita mit Lk
2.1.- = Orbita ohne Lk
2.2. = Nase/ Nasennebenhöhle, o.n.A.
2.2.+ = Nase/ Nasennebenhöhle mit Lk
2.2.- = Nase/ Nasennebenhöhle ohne Lk
2.3. = Mundhöhle, o.n.A.
2.3.+ = Mundhöhle mit Lk
2.3.- = Mundhöhle ohne Lk
2.4. = Ohr, o.n.A.
2.4.+ = Ohr mit Lk
2.4.- = Ohr ohne Lk
2.5. = Speicheldrüse, o.n.A.
2.5.+ = Speicheldrüse mit Lk
2.5.- = Speicheldrüse ohne Lk
2.6. = Pharynx, o.n.A.
2.6.+ = Pharynx mit Lk
2.6.- = Pharynx ohne Lk
2.7. = Larynx, o.n.A.
2.7.+ = Larynx mit Lk
2.7.- = Larynx ohne Lk
2.8. = Schilddrüse, o.n.A.
2.8.+= Schilddrüse mit Lk
2.8.- = Schilddrüse ohne Lk
2.9. = Halslymphknoten
3.1 = Thorax
3.+ = Thorax mit Lk
3.- = Thorax ohne Lk
3.1. = Mamma als Ganzbrust, o.n.A.
3.1.+ = Mamma als Ganzbrust mit Lk
3.1.- = Mamma als Ganzbrust ohne Lk
3.2. = Mamma als Teilbrust, o.n.A.
3.2.+ = Mamma als Teilbrust mit Lk
3.2.- = Mamma als Teilbrust ohne Lk
3.3. = Brustwand
3.3.+ = Brustwand mit Lk
3.3.- = Brustwand ohne Lk
3.4. = Lunge, o.n.A.
3.4.+ = Lunge mit Lk
3.4.- = Lunge ohne Lk
3.5. = Ösophagus, o.n.A.
3.5.+ = Ösophagus mit Lk
3.5.- = Ösophagus ohne Lk
3.6. = Thymus, o.n.A.
3.6.+ = Thymus mit Lk
3.6.- = Thymus ohne Lk
3.7. = Mediastinale Lymphknoten
4. = Abdomen (ohne Becken)
4.+ = Abdomen (ohne Becken) mit Lk
4.- = Abdomen (ohne Becken) ohne Lk
4.1. = Magen, o.n.A.
4.1.+ = Magen mit Lk
4.1.- = Magen ohne Lk
4.2. = Pankreas, o.n.A.
4.2.+ = Pankreas mit Lk
4.2.- = Pankreas ohne Lk
4.3. = Leber, o.n.A.
4.3.+ = Leber mit Lk
4.3.- = Leber ohne Lk
4.4. = Milz, o.n.A.
4.4.+ = Milz mit Lk
4.4.- = Milz ohne Lk
4.5. = Niere, o.n.A.
4.5.+ = Niere mit Lk
4.5.- = Niere ohne Lk
4.6. = Nebenniere, o.n.A.
4.6.+ = Nebenniere mit Lk
4.6.- = Nebenniere ohne Lk
4.7. = Retroperitoneale Lymphknoten
4.8. = Retroperitoneum, o.n.A.
4.8.+ = Retroperitoneum mit Lk
4.8.- = Retroperitoneum ohne Lk
4.9. = Bauchwand, o.n.A.
4.9.+ = Bauchwand mit Lk
4.9.- = Bauchwand ohne Lk
5. = Becken
5.+ = Becken mit Lk
5.- = Becken ohne Lk
5.1. = Rektum, o.n.A.
5.1.+ = Rektum mit Lk
5.1.- = Rektum ohne Lk
5.2. = Analbereich, o.n.A.
5.2.- = Analbereich ohne Lk
5.2.+ = Analbereich mit Lk
5.3. = Harnblase, o.n.A.
5.3.- = Harnblase ohne Lk
5.3.+ = Harnblase mit Lk
5.4. = Prostata, o.n.A.
5.4.+ = Prostata mit Lk
5.4.- = Prostata ohne Lk
5.5. = Hoden, o.n.A.
5.5.+ = Hoden mit Lk
5.5.- = Hoden ohne Lk
5.6. = Penis, o.n.A.
5.6.+ = Penis mit Lk
5.6.- = Penis ohne Lk
5.7. = Uterus und Zervix, o.n.A.
5.7.+ = Uterus und Zervix mit Lk
5.7.2.- = Zervix ohne Lymphknoten
5.7.2.+ = Zervix mit Lymphknoten
5.7.2. = Zervix
5.7.1.- = Uterus ohne Lymphknoten
5.7.1.+ = Uterus mit Lymphknoten
5.7.1. = Uterus
5.7.- = Uterus und Zervix ohne Lk
5.8. = Ovar, o.n.A.
5.8.- = Ovar ohne Lk

5.8.+ = Ovar mit Lk
5.9. = Vulva, o.n.A.

5.9.- = Vulva ohne Lk
5.9.+ = Vulva mit Lk

5.10. = Vagina, o.n.A.
5.10.+ = Vagina mit Lk
5.10.- = Vagina ohne Lk

5.11. = Beckenwand, o.n.A.
5.11.+ = Beckenwand mit Lk
5.11.- = Beckenwand ohne Lk
5.12. = Beckenlymphkn. (ohne Primtu.)
6. = Stütz-/Bewegungsapparat

6.1. = Schädelknochen

6.2. = Rippen
6.3. = Sternum
6.4. = HWS
6.5. = BWS
6.6. = LWS
6.7. = knöchernes Becken
6.8. = Hüfte
6.9. = Achsel
6.10. = Oberarm
6.11. = Unterarm
6.12. = Hand
6.13. = Leiste
6.14. = Oberschenkel
6.15.= Unterschenkel
6.16. = Fuß
7. = Haut
7.+ = Haut mit Lymphknoten
7.- = Haut ohne Lymphknoten
7.1. = Primärer Hauttumor
7.2. = Hautmetastasen
8. = Sonstiges
8.1. = Ganzkörperbestrahlung
8.2. = Mantelfeldbestrahlung";Other radiotherapy - site oBDS v2014;Describes target site according to oBDS v2014.;
111;Strahlentherapie;CodeVersion2021;Sonstige Strahlentherapie - Zielgebiet - oBDS Version 2021;Bezeichnet die behandelte anatomische Region. Kodierung gemäß oBDS-Version 2021.;"1.1 = Ganzhirn (Neurokranium, inklusive Meningen)
1.2 = Teilhirn (frontal/parietal/occipital/temporal/Kleinhirn)
1.3 = Neuroachse/Rückenmark
1.4 = Hypophyse
1.5= Hirn sonstiges
2.1 = Auge (r, l)
2.2 = Nase/Nasennebenhöhle
2.3 = Mundhöhle inklusive Mundhöhlenvorhof
2.4 = Ohr (r, l)
2.5 = Speicheldrüse (r, l)
2.6 = Pharynx
2.7 = Nasopharynx
2.8 = Oropharynx
2.9 = Hypopharynx
2.10 = Larynx
2.11 = Schilddrüse
2.12 = Kopf-Hals sonstige
3.1 = Mamma als Ganzbrust (r, l)
3.2 = Mamma als Teilbrust (r, l)
3.3 = Thoraxwand, gegebenenfalls r, l
3.4 = Lunge (r, l)
3.5 = Ösophagus
3.6 = Mediastinum (mediastinaler Lymphabfluss ist in Nummer 9 zu kodieren)
3.7 = Thymus
3.8 = Thorax sonstige
4.1 = Magen
4.2 = Pankreas
4.3 = Leber, auch bei Teilbestrahlung
4.4 = Milz
4.5 = Niere (r, l)
4.6 = Nebenniere (r, l)
4.7 = Retroperitoneum (z. B. Sarkome)
4.8 = Ureter (r, l)
4.9 = Bauchwand (z. B. Sarkome)
4.10 = Oberbauch
4.11 = Gallengänge
4.12 = Gallenblase
4.13 = Abdomen sonstige
5.1 = Rektum
5.2 = Analbereich
5.3 = Harnblase
5.4 = Prostata
5.5 = Hoden (r, l)
5.6 = Penis
5.7 = Uterus
5.8 = Zervix
5.9 = Vulva
5.10 = Vagina
5.11 = Beckenwand
5.12 = Becken sonstige
6.1 = Schädel
6.2 = Schädelbasis
6.3 = Orbita (r, l)
6.4 = Halswirbelsäule
6.5 = Brustwirbelsäule
6.6 = Lendenwirbelsäule
6.7 = Sacrum/Coccygeum
6.8 = Rippen (r, l)
6.9 = Sternum
6.10 = Schulter (r, l)
6.11 = Oberarm (r, l)
6.12 = Unterarm (r, l)
6.13 = Hand (r, l)
6.14 = Becken (r, l)
6.15 = Hüfte (r, l)
6.16 = Oberschenkel (r, l)
6.17 = Unterschenkel (r, l)
6.18 = Fuß (r, l)
6.19 = Knochen sonstige
7.1 = Kopf, Gesicht, Hals
7.2 = obere Extremität inklusive Schulter (r, l)
7.3 = untere Extremität und Hüfte (r, l)
7.4 =Thorax
7.5 = Abdomen
7.6 = Becken
7.7 = Stammes o. n. A.
7.8 = mehrere Bereiche überlappend
7.9 = sonstige Weichteile o. n. A.
8.1 = Ganzhaut
8.2 = Teilbereiche
9.1 = Cervikale Lymphknoten (r, l)
9.2 = Supra-/infraclavikuläre Lymphknoten (r, l)
9.3 = Axilläre Lymphknoten (r, l)
9.4 = Retrosternale/sternale/Mammaria interna Lymphknoten
9.5 = Mediastinale Lymphknoten
9.6 = Hiläre Lymphknoten
9.7 = Intraabdominale Lymphknoten (z. B. subphrenisch, perigastrisch, peripankreatisch, Leber-, Milzhilus)
9.8 = Paraaortale/paracavale Lymphknoten
9.9 = Retroperitoneale Lymphknoten
9.10 = Beckenlymphabfluss (r, l) (Iliakal commun, extern, intern, obturatorisch, präsakral)
9.11 = Inguinale Lymphknoten (r, l)
9.12 = Involved Node
9.13 = Involved Site
9.14 = Involved Field
9.15 = Sonstige Lymphknoten
10.1 = Ganzkörperbestrahlung bei allogener Stammzelltransplantation
10.2 = operative Zugangswege
10.3 = Sonstige, nicht genannte Zielgebiete";Other radiotherapy - site oBDS v2021;Describes target site according to oBDS v2021.;
112;Strahlentherapie;Seite_Zielgebiet;Sonstige Strahlentherapie - Körperseite;Bezeichnet die Körperseite der behandelten anatomischen Region.;"L = links
R = rechts
B = beidseits
M = mittig
U = unbekannt
T = trifft nicht zu";Other radiotherapy - laterality;Describes laterality of target site.;"L = left
R = right
B = bilateral
M = center
U = unknown
T = not applicable"
113;Strahlentherapie;CodeVersion2014;Unbekannte Strahlentherapie - Zielgebiet - oBDS Version 2014;Bezeichnet die behandelte anatomische Region. Kodierung gemäß oBDS-Version 2014.;"1. = ZNS
1.1. = Ganzhirn
1.2. = Teilhirn
1.3. = Neuroachse
2. = Kopf-Hals
2.+ = Kopf-Hals mit Lk
2.- = Kopf-Hals ohne Lk
2.1. = Orbita, o.n.A.
2.1.+ = Orbita mit Lk
2.1.- = Orbita ohne Lk
2.2. = Nase/ Nasennebenhöhle, o.n.A.
2.2.+ = Nase/ Nasennebenhöhle mit Lk
2.2.- = Nase/ Nasennebenhöhle ohne Lk
2.3. = Mundhöhle, o.n.A.
2.3.+ = Mundhöhle mit Lk
2.3.- = Mundhöhle ohne Lk
2.4. = Ohr, o.n.A.
2.4.+ = Ohr mit Lk
2.4.- = Ohr ohne Lk
2.5. = Speicheldrüse, o.n.A.
2.5.+ = Speicheldrüse mit Lk
2.5.- = Speicheldrüse ohne Lk
2.6. = Pharynx, o.n.A.
2.6.+ = Pharynx mit Lk
2.6.- = Pharynx ohne Lk
2.7. = Larynx, o.n.A.
2.7.+ = Larynx mit Lk
2.7.- = Larynx ohne Lk
2.8. = Schilddrüse, o.n.A.
2.8.+= Schilddrüse mit Lk
2.8.- = Schilddrüse ohne Lk
2.9. = Halslymphknoten
3.1 = Thorax
3.+ = Thorax mit Lk
3.- = Thorax ohne Lk
3.1. = Mamma als Ganzbrust, o.n.A.
3.1.+ = Mamma als Ganzbrust mit Lk
3.1.- = Mamma als Ganzbrust ohne Lk
3.2. = Mamma als Teilbrust, o.n.A.
3.2.+ = Mamma als Teilbrust mit Lk
3.2.- = Mamma als Teilbrust ohne Lk
3.3. = Brustwand
3.3.+ = Brustwand mit Lk
3.3.- = Brustwand ohne Lk
3.4. = Lunge, o.n.A.
3.4.+ = Lunge mit Lk
3.4.- = Lunge ohne Lk
3.5. = Ösophagus, o.n.A.
3.5.+ = Ösophagus mit Lk
3.5.- = Ösophagus ohne Lk
3.6. = Thymus, o.n.A.
3.6.+ = Thymus mit Lk
3.6.- = Thymus ohne Lk
3.7. = Mediastinale Lymphknoten
4. = Abdomen (ohne Becken)
4.+ = Abdomen (ohne Becken) mit Lk
4.- = Abdomen (ohne Becken) ohne Lk
4.1. = Magen, o.n.A.
4.1.+ = Magen mit Lk
4.1.- = Magen ohne Lk
4.2. = Pankreas, o.n.A.
4.2.+ = Pankreas mit Lk
4.2.- = Pankreas ohne Lk
4.3. = Leber, o.n.A.
4.3.+ = Leber mit Lk
4.3.- = Leber ohne Lk
4.4. = Milz, o.n.A.
4.4.+ = Milz mit Lk
4.4.- = Milz ohne Lk
4.5. = Niere, o.n.A.
4.5.+ = Niere mit Lk
4.5.- = Niere ohne Lk
4.6. = Nebenniere, o.n.A.
4.6.+ = Nebenniere mit Lk
4.6.- = Nebenniere ohne Lk
4.7. = Retroperitoneale Lymphknoten
4.8. = Retroperitoneum, o.n.A.
4.8.+ = Retroperitoneum mit Lk
4.8.- = Retroperitoneum ohne Lk
4.9. = Bauchwand, o.n.A.
4.9.+ = Bauchwand mit Lk
4.9.- = Bauchwand ohne Lk
5. = Becken
5.+ = Becken mit Lk
5.- = Becken ohne Lk
5.1. = Rektum, o.n.A.
5.1.+ = Rektum mit Lk
5.1.- = Rektum ohne Lk
5.2. = Analbereich, o.n.A.
5.2.- = Analbereich ohne Lk
5.2.+ = Analbereich mit Lk
5.3. = Harnblase, o.n.A.
5.3.- = Harnblase ohne Lk
5.3.+ = Harnblase mit Lk
5.4. = Prostata, o.n.A.
5.4.+ = Prostata mit Lk
5.4.- = Prostata ohne Lk
5.5. = Hoden, o.n.A.
5.5.+ = Hoden mit Lk
5.5.- = Hoden ohne Lk
5.6. = Penis, o.n.A.
5.6.+ = Penis mit Lk
5.6.- = Penis ohne Lk
5.7. = Uterus und Zervix, o.n.A.
5.7.+ = Uterus und Zervix mit Lk
5.7.2.- = Zervix ohne Lymphknoten
5.7.2.+ = Zervix mit Lymphknoten
5.7.2. = Zervix
5.7.1.- = Uterus ohne Lymphknoten
5.7.1.+ = Uterus mit Lymphknoten
5.7.1. = Uterus
5.7.- = Uterus und Zervix ohne Lk
5.8. = Ovar, o.n.A.
5.8.- = Ovar ohne Lk

5.8.+ = Ovar mit Lk
5.9. = Vulva, o.n.A.

5.9.- = Vulva ohne Lk
5.9.+ = Vulva mit Lk

5.10. = Vagina, o.n.A.
5.10.+ = Vagina mit Lk
5.10.- = Vagina ohne Lk

5.11. = Beckenwand, o.n.A.
5.11.+ = Beckenwand mit Lk
5.11.- = Beckenwand ohne Lk
5.12. = Beckenlymphkn. (ohne Primtu.)
6. = Stütz-/Bewegungsapparat

6.1. = Schädelknochen

6.2. = Rippen
6.3. = Sternum
6.4. = HWS
6.5. = BWS
6.6. = LWS
6.7. = knöchernes Becken
6.8. = Hüfte
6.9. = Achsel
6.10. = Oberarm
6.11. = Unterarm
6.12. = Hand
6.13. = Leiste
6.14. = Oberschenkel
6.15.= Unterschenkel
6.16. = Fuß
7. = Haut
7.+ = Haut mit Lymphknoten
7.- = Haut ohne Lymphknoten
7.1. = Primärer Hauttumor
7.2. = Hautmetastasen
8. = Sonstiges
8.1. = Ganzkörperbestrahlung
8.2. = Mantelfeldbestrahlung";Unknown radiotherapy - site oBDS v2014;Describes target site according to oBDS v2014.;
114;Strahlentherapie;CodeVersion2021;Unbekannte Strahlentherapie - Zielgebiet - oBDS Version 2021;Bezeichnet die behandelte anatomische Region. Kodierung gemäß oBDS-Version 2021.;"1.1 = Ganzhirn (Neurokranium, inklusive Meningen)
1.2 = Teilhirn (frontal/parietal/occipital/temporal/Kleinhirn)
1.3 = Neuroachse/Rückenmark
1.4 = Hypophyse
1.5= Hirn sonstiges
2.1 = Auge (r, l)
2.2 = Nase/Nasennebenhöhle
2.3 = Mundhöhle inklusive Mundhöhlenvorhof
2.4 = Ohr (r, l)
2.5 = Speicheldrüse (r, l)
2.6 = Pharynx
2.7 = Nasopharynx
2.8 = Oropharynx
2.9 = Hypopharynx
2.10 = Larynx
2.11 = Schilddrüse
2.12 = Kopf-Hals sonstige
3.1 = Mamma als Ganzbrust (r, l)
3.2 = Mamma als Teilbrust (r, l)
3.3 = Thoraxwand, gegebenenfalls r, l
3.4 = Lunge (r, l)
3.5 = Ösophagus
3.6 = Mediastinum (mediastinaler Lymphabfluss ist in Nummer 9 zu kodieren)
3.7 = Thymus
3.8 = Thorax sonstige
4.1 = Magen
4.2 = Pankreas
4.3 = Leber, auch bei Teilbestrahlung
4.4 = Milz
4.5 = Niere (r, l)
4.6 = Nebenniere (r, l)
4.7 = Retroperitoneum (z. B. Sarkome)
4.8 = Ureter (r, l)
4.9 = Bauchwand (z. B. Sarkome)
4.10 = Oberbauch
4.11 = Gallengänge
4.12 = Gallenblase
4.13 = Abdomen sonstige
5.1 = Rektum
5.2 = Analbereich
5.3 = Harnblase
5.4 = Prostata
5.5 = Hoden (r, l)
5.6 = Penis
5.7 = Uterus
5.8 = Zervix
5.9 = Vulva
5.10 = Vagina
5.11 = Beckenwand
5.12 = Becken sonstige
6.1 = Schädel
6.2 = Schädelbasis
6.3 = Orbita (r, l)
6.4 = Halswirbelsäule
6.5 = Brustwirbelsäule
6.6 = Lendenwirbelsäule
6.7 = Sacrum/Coccygeum
6.8 = Rippen (r, l)
6.9 = Sternum
6.10 = Schulter (r, l)
6.11 = Oberarm (r, l)
6.12 = Unterarm (r, l)
6.13 = Hand (r, l)
6.14 = Becken (r, l)
6.15 = Hüfte (r, l)
6.16 = Oberschenkel (r, l)
6.17 = Unterschenkel (r, l)
6.18 = Fuß (r, l)
6.19 = Knochen sonstige
7.1 = Kopf, Gesicht, Hals
7.2 = obere Extremität inklusive Schulter (r, l)
7.3 = untere Extremität und Hüfte (r, l)
7.4 =Thorax
7.5 = Abdomen
7.6 = Becken
7.7 = Stammes o. n. A.
7.8 = mehrere Bereiche überlappend
7.9 = sonstige Weichteile o. n. A.
8.1 = Ganzhaut
8.2 = Teilbereiche
9.1 = Cervikale Lymphknoten (r, l)
9.2 = Supra-/infraclavikuläre Lymphknoten (r, l)
9.3 = Axilläre Lymphknoten (r, l)
9.4 = Retrosternale/sternale/Mammaria interna Lymphknoten
9.5 = Mediastinale Lymphknoten
9.6 = Hiläre Lymphknoten
9.7 = Intraabdominale Lymphknoten (z. B. subphrenisch, perigastrisch, peripankreatisch, Leber-, Milzhilus)
9.8 = Paraaortale/paracavale Lymphknoten
9.9 = Retroperitoneale Lymphknoten
9.10 = Beckenlymphabfluss (r, l) (Iliakal commun, extern, intern, obturatorisch, präsakral)
9.11 = Inguinale Lymphknoten (r, l)
9.12 = Involved Node
9.13 = Involved Site
9.14 = Involved Field
9.15 = Sonstige Lymphknoten
10.1 = Ganzkörperbestrahlung bei allogener Stammzelltransplantation
10.2 = operative Zugangswege
10.3 = Sonstige, nicht genannte Zielgebiete";Unknown radiotherapy - site oBDS v2021;Describes target site according to oBDS v2021.;
115;Strahlentherapie;Seite_Zielgebiet;Unbekannte Strahlentherapie - Körperseite;Bezeichnet die Körperseite der behandelten anatomischen Region.;"L = links
R = rechts
B = beidseits
M = mittig
U = unbekannt
T = trifft nicht zu";Unknown radiotherapy - laterality;Describes laterality of target site.;"L = left
R = right
B = bilateral
M = center
U = unknown
T = not applicable"
116;Strahlentherapie;Seite_Zielgebiet;Seite Zielgebiet;Bezeichnet die Körperseite der behandelten anatomischen Region.;"L = links
R = rechts
B = beidseits
M = mittig
U = unbekannt
T = trifft nicht zu";Radiotherapy side;Describes the side of the body that was treated with radiotherapy.;"L = left
R = right
B = bilateral
M = center
U = unknown
T = not applicable"
117;Strahlentherapie;Anzahl_Tage_ST_Dauer;Dauer Strahlentherapie;Dauer der Strahlentherapie (in Tagen);(n) = Anzahl Tage;Radiotherapy duration;Number of days between diagnosis and surgery;(n) = number of days
118;Strahlentherapie;Anzahl_Tage_Diagnose_ST;Abstand Primärdiagnose bis Beginn Strahlentherapie;Zeitlicher Abstand zwischen Diagnosedatum und Beginn der Strahlentherapie (in Tagen);(n) = Anzahl Tage;Time to radiotherapy;Time interval between incidence date and radiotherapy start date (days);(n) = number of days
119;Systemische Therapie;Intention;Intention der systemischen Therapie;Gibt an, mit welcher Intention die systemische Therapie geplant wurde.;"K = kurativ
P = palliativ
S = sonstiges
x = keine Angabe";Systemic therapy intent;Describes systemic therapy intent.;"K = curative
P = palliative
S = other
x = missing information"
120;Systemische Therapie;Stellung_OP;Stellung systemische Therapie zur OP;Gibt an, in welchem Bezug zu einer operativen Therapie die systemische Therapie steht.;"O = ohne Bezug zu einer operativen Therapie
A = adjuvant
N = neoadjuvant
I = intraoperativ
S = Sonstiges";Systemic therapy relationship with surgery;Describes relationship between systemic therapy and surgery.;"O = no relationship
A = adjuvant
N = neoadjuvant
I = intraoperative
S = other"
121;Systemische Therapie;Therapieart;Art der systemischen Therapie;Gibt an, welche Art der Therapie durchgeführt wurde bzw. ob eine abwartende Strategie verfolgt wurde.;"CH = Chemotherapie
HO = Hormontherapie
IM = Immun-/Antikörpertherapie
ZS = zielgerichtete Substanzen
CI = Chemo- + Immun-/Antikörperthrapie
CZ = Chemotherapie + zielgerichtete Substanzen
CIZ = Chemo- + Immun-/Antikörpertherapie + zielgerichtete Substanzen
IZ = Immun-/Antikörpertherapie + zielgerichtete Substanzen
SZ = Stammzellentransplantation (inkl. Knochenmarktransplantation)
AS = Active Surveillance
WS = Wait and see
WW = Watchful Waiting
SO = Sonstiges";Systemic therapy type;Type of systemic therapy or monitoring;"CH = chemotherapy
HO = hormone therapy
IM = immunotherapy, antibody therapy
ZS = targeted therapy
CI = chemotherapy + IM
CZ = chemotherapy + ZS
CIZ = chemotherapy + IM + ZS
IZ = IM + ZS
SZ = stem cell transplantation (incl. bone marrow transplantation)
AS = active surveillance
WS = wait and see
WW = watchful waiting
SO = other"
122;Systemische Therapie;TypeOfSYST_TypSubstanz;Substanz;Gibt an, mit welcher Substanz die Systemtherapie durchgeführt wurde. Mehrere Substanzen sind separat einzugeben.;Bezeichnung oder: ATC-Kode + ATC-Version;Systemic therapy drug;Medication(s) used for systemic therapy. Multiple medications require separate entries.;Name or: ATC code + ATC version
123;Systemische Therapie;TypeOfProtokoll_Typ;ProtokollTyp;Bezeichnung oder Kodierung des Therapieprotokolls.;Bezeichnung oder: Protokollschlüssel;Systemic therapy protocol type;Systemic therapy protocol name or code.;"Name or: protocol code

"
124;Systemische Therapie;Protokoll_TypProtokollschluessel_Code;Protokoll Code;Kodierung des Protokolls;;Systemic therapy protocol;Systemic therapy protocol code. ;
125;Systemische Therapie;Bezeichnung;Protokoll Freitext;Protokoll als Freitext;;Systemic therapy protocol;Systemic therapy protocol name ;
126;Systemische Therapie;Protokoll_TypProtokollschluessel_Version;Protokoll Version;Kodierung des Protokolls (Version);;Systemic therapy protocol;Systemic therapy protocol version;
127;Systemische Therapie;Datum_Beginn_SYST_Genauigkeit;Beginn systemische Therapie - Genauigkeit;"Gibt an, ob nur das Jahr des Datums sicher bekannt ist (M), ob Jahr und Monat sicher bekannt sind (T) bzw. ob weder Jahr noch Monat sicher bekannt sind (V). 
Wichtig: Die Angabe Tag wird von den Registern grundsätzlich nicht ans ZfKD übermittelt. Das ZfKD legt den Tag auf einen beliebigen Wert fest (i. d. R. 15), so dass immer ein Datum im Format Jahr-Monat-Tag vorliegt.";"M = nur das Jahr ist bekannt, der Monat wurde geschätzt (jahrgenau)
T = Jahr und Monat sind bekannt (monatsgenau)
V = Jahr und Monat wurden geschätzt";Systemic therapy start date - accuracy;"Indicates if only year is accurate (M), if year and month are accurate (T), or if year and month are estimated (V).
Please note: Day is not collected from registries and assigned an arbitrary value (usu. 15) by ZfKD.";"M = year is accurate, month is estimated
T = year and month are accurate
V = year and month are estimated"
128;Systemische Therapie;Datum_Beginn_SYST;Beginn systemische Therapie;Monat und Jahr des Beginns der systemischen Therapie;Datum YYYY-MM-DD;Systemic therapy start date;Systemic therapy start date;Date YYYY-MM-DD
129;Systemische Therapie;Anzahl_Tage_SYST_Dauer;Dauer systemische Therapie;Dauer der systemischen Therapie (in Tagen);(n) = Anzahl Tage;Systemic therapy duration;Systemic therapy duration (days);(n) = number of days
130;Systemische Therapie;Anzahl_Tage_Diagnose_SYST;Abstand Primärdiagnose bis Beginn systemische Therapie;Zeitlicher Abstand zwischen Diagnosedatum und Beginn der systemischen Therapie (in Tagen);(n) = Anzahl Tage;Time to systemic therapy;Time interval between incidence date and systemic therapy start date (days);(n) = number of days
131;Folgeereignis;Datum_Folgeereignis_Genauigkeit;Datum Folgeereignis - Genauigkeit;"Gibt an, ob nur das Jahr des Datums sicher bekannt ist (M), ob Jahr und Monat sicher bekannt sind (T) bzw. ob weder Jahr noch Monat sicher bekannt sind (V). 
Wichtig: Die Angabe Tag wird von den Registern grundsätzlich nicht ans ZfKD übermittelt. Das ZfKD legt den Tag auf einen beliebigen Wert fest (i. d. R. 15), so dass immer ein Datum im Format Jahr-Monat-Tag vorliegt.";"M = nur das Jahr ist bekannt, der Monat wurde geschätzt (jahrgenau)
T = Jahr und Monat sind bekannt (monatsgenau)
V = Jahr und Monat wurden geschätzt";Follow-up date - accuracy;"Indicates if only year is accurate (M), if year and month are accurate (T), or if year and month are estimated (V).
Please note: Day is not collected from registries and assigned an arbitrary value (usu. 15) by ZfKD.";"M = year is accurate, month is estimated
T = year and month are accurate
V = year and month are estimated"
132;Folgeereignis;Datum_Folgeereignis;Datum Folgeereignis;Datum der letzten Untersuchung zur Einschätzung des Tumorstatus;Datum YYYY-MM-DD;Follow-up date;Date of most recent follow-up evaluation of tumor status;Date YYYY-MM-DD
133;Folgeereignis;Version;TNM-Version;Ausgabe der TNM, die für die Beurteilung des Tumorstadiums verwendet wurde.;"6 = 6. Auflage TNM
7 = 7. Auflage TNM
8 = 8. Auflage TNM";TNM: version;TNM edition used for staging at follow-up;"6 = TNM, 6th edition
7 = TNM, 7th edition
8 = TNM, 8th edition"
134;Folgeereignis;y_Symbol;TNM-y-Symbol;Gibt an, ob das Tumorstadium vor oder nach/während der initialen multimodalen Therapie beurteilt wurde.;"y = Klassifikation erfolgte nach einer initialen multimodalen Therapie;
(leer) = Klassifikation erfolgte vor einer initialen multimodalen Therapie oder es hat keine initiale multimodale Therapie stattgefunden";TNM: y prefix;Indicates that TNM staging was performed after or during preoperative multimodality therapy;"y = classification was performed during or after initial multimodality therapy;
(empty) = classification was performed before initial multimodality therapy (or initial multimodality therapy has not taken place)"
135;Folgeereignis;r_Symbol;TNM-r-Symbol;Gibt an, ob das Tumorstadium eines Rezidivs beurteilt wurde.;"r = Klassifikation erfolgte zur Beurteilung eines Rezidivs;
(leer) = „native“ Klassifikation vor Eintreten eines Rezidivs";TNM: r prefix;Indicates that TNM staging was performed at retreatment (i.e., for recurrent disease);"r = classification was performed at retreatment;
(empty) = classification was performed before disease recurrence"
136;Folgeereignis;a_Symbol;TNM-a-Symbol;Gibt an, ob das Tumorstadium durch Autopsie festgestellt wurde.;"a = Klassifikation erfolgte durch Autopsie;
(leer) = Klassifikation erfolgte klinisch und/oder pathologisch";TNM: a prefix;Indicates that TNM staging was performed at autopsy;"a = classification was performed at autopsy;
(empty) = classification was performed clinically and/or pathologically"
137;Folgeereignis;T;TNM-T;Beschreibt die Ausdehnung des Primärtumors. Klassifikation nach TNM entsprechend Tumorentität.;T-Stadium, entitätsspezifisch;TNM: T;Describes the size of the primary tumor. Staging according to tumor-specific TNM.;T stage, tumor-specific
138;Folgeereignis;N;TNM-N;Beschreibt das Ausmaß regionärer Lymphknotenmetastasen. Klassifikation nach TNM entsprechend Tumorentität.;N-Stadium, entitätsspezifisch;TNM: N;Describes the degree of spread to regional lymph nodes. Staging according to tumor-specific TNM.;N stage, tumor-specific
139;Folgeereignis;M;TNM-M;Beschreibt das Vorliegen von Fernmetastasen. Klassifikation nach TNM.;"M-Stadium, teilweise entitätsspezifisch
M0 = keine Fernmetastasen
M1 = Fernmetastasen";TNM: M;Describes whether or not metastases in other parts of the body have been found (distant metastasis). Staging according to TNM.;"M stage, may be tumor-specific
M0 = no distant metastasis
M1 = distant metastasis (beyond regional lymph nodes)"
140;Folgeereignis;c_p_u_Praefix_T;TNM-präfix-T;Gibt an, ob das T-Stadium klinisch, histopathologisch oder mittels Ultraschall bestimmt wurde.;"c = T-Stadium wurde durch klinische Angaben festgestellt oder erfüllt die Kriterien für ""p"" nicht
p = T-Stadium wurde durch histopathologische Untersuchung festgestellt
u = T-Stadium wurde mittels Ultraschall festgestellt (Unterkategorie von ""c"")
(empty) =  wird als ""c"" interpretiert";TNM: T prefix;Indicates if T was determined clinically, by histopathology, or by ultrasound.;"c = T stage was determined clinically, or staging does not meet criteria for ""p""
p = T stage was determined by histopathology
u = T stage was determined by ultrasound (sub-category of ""c"")
(empty) = interpreted as ""c"""
141;Folgeereignis;c_p_u_Praefix_N;TNM-präfix-N;Gibt an, ob das N-Stadium klinisch, histopathologisch oder mittels Ultraschall bestimmt wurde.;"c = N-Stadium wurde durch klinische Angaben festgestellt oder erfüllt die Kriterien für ""p"" nicht
p = N-Stadium wurde durch histopathologische Untersuchung festgestellt
u = N-Stadium wurde mittels Ultraschall festgestellt (Unterkategorie von ""c"")
(empty) =  wird als ""c"" interpretiert";TNM: N prefix;Indicates if N was determined clinically, by histopathology, or by ultrasound.;"c = N stage was determined clinically, or staging does not meet criteria for ""p""
p = N stage was determined by histopathology
u = N stage was determined by ultrasound (sub-category of ""c"")
(empty) = interpreted as ""c"""
142;Folgeereignis;c_p_u_Praefix_M;TNM-präfix-M;Gibt an, ob das M-Stadium klinisch, histopathologisch oder mittels Ultraschall bestimmt wurde.;"c = M-Stadium wurde durch klinische Angaben festgestellt oder erfüllt die Kriterien für ""p"" nicht
p = M-Stadium wurde durch histopathologische Untersuchung festgestellt
u = M-Stadium wurde mittels Ultraschall festgestellt (Unterkategorie von ""c"")
(empty) =  wird als ""c"" interpretiert";TNM: M prefix;Indicates if M was determined clinically, by histopathology, or by ultrasound.;"c = M stage was determined clinically, or staging does not meet criteria for ""p""
p = M stage was determined by histopathology
u = M stage was determined by ultrasound (sub-category of ""c"")
(empty) = interpreted as ""c"""
143;Folgeereignis;m_Symbol;TNM-m-Suffix;Kennzeichnet Vorhandensein multipler Primärtumoren in einem anatomischen Bezirk.;"m = multiple Tumoren ohne Angabe der Zahl
(n) = Anzahl der multiplen Tumoren
(leer) = keine multiplen Tumoren";TNM: m suffix;Indicates that the tumor is multifocal, i.e. there are > 1 tumors in the same anatomical region.;"m = multiple tumors
(n) = number of tumors
(empty) = tumor is not multifocal"
144;Folgeereignis;L;TNM-L-Deskriptor;Beschreibt das Ausmaß der Lymphgefäßinvasion;"LX = Lymphgefäßinvasion kann nicht beurteilt werden
L0 = keine Lymphgefäßinvasion
L1 = Lymphgefäßinvasion";TNM: L qualifier;Indicates presence or absence of lymphatic vessel invasion at follow-up.;"LX = invasion of lymphatic vessels cannot be assessed
L0 = no invasion of lymphatic vessels
L1 = invasion into lymphatic vessels"
145;Folgeereignis;V;TNM-V-Deskriptor;Beschreibt das Ausmaß der Veneninvasion;"VX = Veneninvasion kann nicht beurteilt werden
V0 = keine Veneninvasion
V1 = mikroskopische Veneninvasion
V2 = makroskopische Veneninvasion";TNM: V qualifier;Indicates presence or absence of vascular invasion at follow-up. ;"VX = invasion of vein cannot be assessed
V0 = no vein invasion
V1 = microscopic vein invasion
V2 = macroscopic vein invasion"
146;Folgeereignis;Pn;TNM-Pn-Deskriptor;Beschreibt das Ausmaß der Perineuralinvasion;"PnX = perineurale Invasion kann nicht beurteilt werden
Pn0 = keine perineurale Invasion
Pn1 = perineurale Invasion";TNM: Pn qualifier;Indicates presence or absence of perineural invasion at follow-up. Generally assessed by histopathology.;"PnX = perineural invasion cannot be assessed
Pn0 = no perineural invasion
Pn1 = perineural invasion"
147;Folgeereignis;S;TNM-S-Deskriptor;Bei Vorliegen eines Hodentumors: Beschreibt die Erhöhung von Serumtumormarkern (AFP, HCG, LDH). S1-S3: Schwellenwerte siehe TNM. ;"SX = Werte der Serumtumormarker nicht verfügbar oder entsprechende Untersuchungen nicht vorgenommen 
S0 = Serumtumormarker innerhalb der normalen Grenzen 
S1-S3 = Serumtumormarker erhöht";TNM: S qualifier;Describes elevation of serum tumor markers AFP, HCG and LDH in testicular cancer at follow-up. S1-S3 threshold values according to TNM.;"SX = serum tumor markers not available
S0 = serum tumor markers within normal range
S1-S3 = serum tumor markers elevated "
148;Folgeereignis;UICC_Stadium;TNM-UICC;UICC-Stadium nach TNM-Klassifikation. Beschreibt die anatomische Ausdehnung der Tumorerkrankung.;UICC-Stadium, entitätsspezifisch;TNM: UICC stage;UICC Stage at follow-up according to TNM. Describes the anatomical extent of disease.;UICC stage, tumor-specific
149;Folgeereignis;Name;weitere Klassifikation: Name;Name/Typ sonstiger verwendeter Klassifikation(en);z. B. Ann-Arbor-Klassifikation, WHO Classification of CNS Tumors, AJCC;Other classification system: name;Name and/or type of other classification(s) used;e.g. Ann Arbor staging, WHO Classification of CNS Tumors, AJCC
150;Folgeereignis;Stadium;weitere Klassifikation: Stadium (Ausprägung);Einstufung gemäß [115];Stadium;Other classification system: stage;Stage assigned based on other classification system;Stage
151;Folgeereignis;Gesamtbeurteilung_Tumorstatus;Gesamtburteilung Tumorstatus;Gesamtbeurteilung der Erkrankung unter Berücksichtigung aller Manifestationen. ;"V = Vollremission
T = Teilremission
K = keine Änderung
P = Progression
D = divergents Geschehen
B = klinische Besserung des Zustandes, Kriterien für Teilremission jedoch nicht erfüllt (minimal response, MR)
R = Vollremission mit residualen Auffälligkeiten
Y = Rezidiv
U = Beurteilung nicht möglich
X = fehlende Angaben";Overall disease response;Overall disease response at follow-up;"V = complete remission
T = partial remission
K = stable disease
P = progressive disease
D = divergent disease
B = minimal response
R = complete remission with minimal residual disease
Y = recurrent disease
U = disease status cannot be assessed
X = missing information"
152;Folgeereignis;Verlauf_Lokaler_Tumorstatus;Verlauf Lokaler Tumorstatus;Beurteilung der Erkrankung im Bereich des Primärtumors;"K = kein Tumor nachweisbar
T = Tumorreste (Residualtumor)
P = Tumorreste (Residualtumor) Progress
N = Tumorreste (Residualtumor) No Change
R = Lokalrezidiv
F = fraglicher Befund
U = unbekannt
X = fehlende Angabe";Local tumor response;Local tumor response at follow-up;"K = no detectable tumor
T = residual disease
P = residual disease, progression
N = residual disease, no change
R = local residual disease
F = indeterminate finding
U = unknown
X = missing information"
153;Folgeereignis;Verlauf_Tumorstatus_Lymphknoten;Verlauf Tumorstatus Lymphknoten;Beurteilung der Situation im Bereich der regionären Lymphknoten.;"K = kein Lymphknotenbefall nachweisbar
T = bekannter Lymphknotenbefall, Residuen
P = bekannter Lymphknotenbefall, Progress
N = bekannter Lymphknotenbefall, No Change
R = neu aufgetretenes Lymphknotenrezidiv
F = fraglicher Befund
U = unbekannt
X = fehlende Angabe";Regional lymph node status;Assessment of regional lymph nodes at follow-up;"K = no detectable lymph node involvement
T = lymph node involvement, residual disease
P = lymph node involvement, disease progression
N = lymph node involvement, stable disease
R = new lymph node metastasis
F = indeterminate finding
U = unknown
X = missing information"
154;Folgeereignis;Verlauf_Tumorstatus_Fernmetastasen;Verlauf Tumorstatus Fernmetastasen;"Beurteilung der Situation im Bereich der Fernmetastasen. 
""R"" beschreibt eine Situation, in der zuvor Metastasenfreiheit bestanden hat oder durch Therapie erreicht wurde. ""P"" beschreibt neu hinzukommende (zu bereits bestehenden) Fernmetastasen.";"K = keine Fernmetastasen nachweisbar
T = Fernmetastasen, Residuen
P = Fernmetastasen, Progress
N = Fernmetastasen, No Change
R = neu aufgetretene Fernmetastase(n) bzw. Metastasenrezidiv
F = fraglicher Befund
U = unbekannt
X = fehlende Angabe";Metastasis status;"Assessment of distant metastasis at follow-up. R = previously metastasis-free; P = new, additional distant metastasis.";"K = no detectable distant metastasis
T = distant metastasis, residual disease
P = distant metastasis, disease progression
N = distant metastasis, stable disease
R = new distant metastasis or metastatic recurrence
F = indeterminate finding
U = unknown
X = missing information"
155;Folgeereignis;Lokalisation;Metastasensitz;Beschreibt die Lokalisation der Fernmetastase(n).;"PUL = Lunge
OSS = Knochen
HEP = Leber
BRA = Hirn
LYM = Lymphknoten
MAR = Knochenmark
PLE = Pleura
PER = Peritoneum
ADR = Nebennieren
SKI = Haut
OTH = Andere Organe
GEN = Generalisierte Metastasierung";Metastasis site;Describes site(s) of distant metastasis at follow-up;"PUL = lung
OSS = bone
HEP = liver
BRA = brain
LYM = lymph node(s)
MAR = bone marrow
PLE = pleura
PER = peritoneum
ADR = adrenal glands
SKI = skin
OTH = other
GEN = generalized metastasis"
